{"type":"FeatureCollection","features":[{"type":"Feature","geometry":{"type":"MultiPolygon","coordinates":[[[[77.26455627943662,18.418379374839997],[77.26471674289031,18.429919510837756],[77.26127435916528,18.440139737668055],[77.25318105466847,18.446449368767333],[77.25367608337378,18.45228191826743],[77.26548819199844,18.451608511936676],[77.27223925159775,18.448518410365516],[77.28360105844679,18.452299691418066],[77.2910388115671,18.456870293420607],[77.29786571671582,18.46556108749783],[77.2980262222604,18.47538000309341],[77.28884943996424,18.47482263219632],[77.28322652826925,18.472521744867375],[77.27826801120395,18.472972144202807],[77.27204311290211,18.47352053343543],[77.26293313105899,18.475362217416233],[77.26146613147415,18.479660779899486],[77.24915453924119,18.48097174450842],[77.24572546890228,18.489818617769416],[77.24452153029523,18.497853875157126],[77.26839997654527,18.520510611283413],[77.27448224131057,18.518940940269786],[77.28466230845576,18.53016002886697],[77.28510828483671,18.53634927681378],[77.28595105019605,18.53824886237383],[77.28721742240899,18.5410982888613],[77.29358502013534,18.546070125490917],[77.28517956024417,18.551510207567894],[77.27790679060226,18.55801165143202],[77.27591804085486,18.55909962422469],[77.27246221977514,18.561003635235014],[77.2638383124042,18.564249891304588],[77.26455627943662,18.57962931118746],[77.2677623503022,18.583040584137123],[77.26510027596245,18.58990312034731],[77.26782030849618,18.609808539355278],[77.26313822894447,18.611498532260345],[77.24868185421715,18.61672904157477],[77.21151077707228,18.623729865368826],[77.21038263505943,18.629950267049278],[77.20964240664014,18.63407054590228],[77.20617771114117,18.63716062541699],[77.20281108516102,18.637561947158957],[77.19869976768997,18.642400071959784],[77.19713467124724,18.646190326220136],[77.17542324329642,18.647679681462172],[77.15331061250515,18.64532973340267],[77.15495150205183,18.656299104005225],[77.15521462504867,18.670840240488513],[77.15682880784492,18.67940174968792],[77.17521816862879,18.67870166726943],[77.18386881791236,18.684699179232144],[77.19174357655538,18.688471495714538],[77.17954352816128,18.701478731024384],[77.16371367664264,18.702522155179704],[77.15451898907168,18.70046208467725],[77.14731752260602,18.70509056432056],[77.14359865719427,18.71123077369617],[77.13413196321062,18.70995995927357],[77.13382876520112,18.697403122897196],[77.11663001663364,18.69442000415041],[77.09838783941272,18.69346127103372],[77.09265789177662,18.69030866027903],[77.07824611178714,18.689251866652036],[77.06539048943895,18.685501813309465],[77.06514078304667,18.68160894641063],[77.05742650658209,18.68251864954827],[77.04425882624658,18.68212180771419],[77.0445709473091,18.688930854127282],[77.04213632892423,18.69388932673373],[77.04236816180631,18.697153439347197],[77.04981934462604,18.715698806799722],[77.05470201329489,18.71733082762961],[77.05529062570645,18.72903148686733],[77.05237441439952,18.737998745693037],[77.0522004883074,18.74504864169412],[77.05457271318323,18.765052139662913],[77.05110351837016,18.77174970000388],[77.04435695164364,18.77230265265285],[77.02335902501439,18.766349769429393],[77.00595959849018,18.766349766478783],[77.00298094775404,18.787740086037548],[76.99916842127985,18.809130361560506],[76.9988785047841,18.81741979151337],[76.99790197586852,18.818481116951375],[76.9932332999203,18.826708120185284],[76.96148895493369,18.82969125903769],[76.95340913624683,18.831978816322273],[76.93942093452611,18.832059059004315],[76.90521962500608,18.835349845679445],[76.8832763263218,18.83420833585906],[76.8825539698002,18.829740296558906],[76.87976706953411,18.82805922036922],[76.87077303269919,18.827720318996207],[76.86425825641558,18.819261387442474],[76.85816271957276,18.81910983754859],[76.85468459922663,18.81284928579149],[76.852356970152,18.806111563614028],[76.84291253243013,18.811520473192854],[76.83737885573156,18.813139044191125],[76.83027544470562,18.810882758133737],[76.8241976849117,18.80780151602054],[76.81704529011888,18.802040405916657],[76.81476668145949,18.798861052836237],[76.79947648129522,18.798829836736804],[76.78935433253609,18.796038427431224],[76.78248728237358,18.79291260048564],[76.78190757217376,18.7795486935103],[76.7801596217918,18.776012647683345],[76.77258359630544,18.77393016825761],[76.76555608403899,18.77378303492974],[76.76040586386377,18.772481003385863],[76.75158573116234,18.77174074843531],[76.74400524675131,18.773600279662862],[76.73797656618044,18.759402446400923],[76.73451182407784,18.753989111586325],[76.72917872455014,18.749360581645064],[76.72561588900288,18.748700642239125],[76.72576755355179,18.737900711903684],[76.72869714478719,18.73471242749526],[76.728853209243,18.729080612921955],[76.73000369422932,18.725058496087954],[76.73184085504228,18.723649407351086],[76.73396333242991,18.719368667217587],[76.73412388185469,18.713121468938976],[76.73587185814948,18.70163037238154],[76.73480165708888,18.69917339966626],[76.73095794673655,18.69573093146883],[76.72920100681714,18.69499073866985],[76.71874886928627,18.6983975255634],[76.71115953400341,18.69676995468402],[76.70107306698004,18.691280789759286],[76.69742548276585,18.69069215251945],[76.6863401656538,18.69174894517296],[76.684387102502,18.6912585062868],[76.67983436069507,18.68367802377354],[76.67531722770353,18.67426933402375],[76.67245450773419,18.669498073468883],[76.6648160419998,18.67423813002523],[76.65169737001101,18.677693906643263],[76.62751120962638,18.677002755966043],[76.61369246388219,18.66870875934103],[76.6047073786616,18.660419340385964],[76.59572677536482,18.664566309123657],[76.58329033456708,18.67492928007105],[76.57015825177294,18.679076237404704],[76.56255995856097,18.673546940751947],[76.5521925459167,18.659037004715167],[76.54666772739354,18.647982895755568],[76.54597660126734,18.632090636103076],[76.54528988141061,18.618958578030497],[76.54389861421579,18.60721779930054],[76.53768262220322,18.598232700541054],[76.52800637419226,18.598232710047803],[76.51557000151617,18.606522151722974],[76.50244680871629,18.6203454144861],[76.48655909259173,18.63346856326219],[76.47135354742018,18.64383596484708],[76.45269661609312,18.645218243894053],[76.44164249615531,18.643144803423105],[76.42920606680984,18.636237655289143],[76.41745638444534,18.62448792489522],[76.41192706911723,18.61136028117481],[76.40985806276633,18.598923854724426],[76.40985806276633,18.585105103757428],[76.40985806276633,18.571977545860204],[76.40985806276633,18.555394156979023],[76.40580029993306,18.54796079780513],[76.40509571019976,18.54772894567964],[76.38710770260063,18.540910971313863],[76.384146919722,18.54237800615611],[76.38078469728451,18.542930944665816],[76.37692315313579,18.541999031270226],[76.37317745492604,18.542672316643706],[76.3677285029279,18.544848334925003],[76.36433954169486,18.553668483615066],[76.36155710334828,18.558060711655315],[76.35161772982737,18.56390213124862],[76.34678852271831,18.565039158287792],[76.3424899552282,18.562729368459873],[76.33513687465776,18.562582198739456],[76.32556322145176,18.56865995679562],[76.32147424014805,18.56932878849158],[76.31112020185907,18.56638134056197],[76.30673238310749,18.567121559036384],[76.2992099577936,18.569890625416804],[76.29508967890976,18.573489157027527],[76.29203970502675,18.574777850421658],[76.2888782239439,18.57355158233631],[76.28202009305627,18.574318528533002],[76.27966120624335,18.573819113412668],[76.27773489692251,18.568740228587767],[76.27675838641555,18.563469591320565],[76.27661123311357,18.556468768751895],[76.2760448902442,18.544308822768173],[76.27451987109524,18.53790106306495],[76.26792934337679,18.531649440332995],[76.25773582212159,18.52550027707074],[76.25505148010322,18.518298904868498],[76.25621969878411,18.505148987217655],[76.25585852088226,18.4947102250881],[76.25866774506046,18.493069229376896],[76.25776702480618,18.489118527841995],[76.25502911625335,18.485479873500346],[76.25654525306761,18.48185017140155],[76.26957923749109,18.47260202018946],[76.27163037386774,18.467300157835606],[76.27213424841969,18.463670394571455],[76.26803637896361,18.46395133510051],[76.26319821416504,18.46325129395633],[76.26729614348724,18.43647880710133],[76.2713628361252,18.419400428663796],[76.26661839355008,18.42088088233335],[76.2567503262258,18.42637005136557],[76.2391190761392,18.433781084656857],[76.23288521854093,18.43267966463778],[76.22577745646042,18.42828303291076],[76.22203183634194,18.421902043156354],[76.21940540163318,18.41428145093681],[76.21163764553793,18.399548560115452],[76.20024904941397,18.39806811589937],[76.2012880175785,18.394598910964746],[76.20752634513433,18.387138847559275],[76.2166808580351,18.381721057708116],[76.23049072077406,18.377618650606955],[76.23686278073615,18.37657975891866],[76.24305649572806,18.37653062724755],[76.2487551576196,18.374412579795386],[76.25498005720205,18.365909078387983],[76.25893981618918,18.36386236527696],[76.26362628275226,18.367661480742196],[76.27010981195983,18.375059178567614],[76.27504158780573,18.379482552380306],[76.28185067456558,18.384169143677337],[76.28794173953067,18.385127784660412],[76.28925274517009,18.37841236315509],[76.28713020865152,18.355140323802594],[76.28486500126844,18.339961610511743],[76.31820566801608,18.328198505061927],[76.31907072760173,18.310598434698132],[76.31806297814464,18.292351729632724],[76.31584238592077,18.28087850019699],[76.31104439108061,18.27636144754774],[76.30771786345416,18.271166583153484],[76.31083480674553,18.268789854004385],[76.30687508514298,18.264522462214465],[76.29360932712245,18.257428063257795],[76.28885586575343,18.25185867378344],[76.28663522806599,18.247569039628814],[76.28296545665904,18.247560068625823],[76.28642118661547,18.23173919589267],[76.29181674684754,18.230820633426454],[76.29728808407405,18.231052481335766],[76.30172039614207,18.228831861784222],[76.30201915370994,18.212471452176],[76.29775183176334,18.212930674153718],[76.29574519237333,18.20583181106738],[76.29475971175884,18.198148772123865],[76.2817614138241,18.181128421747232],[76.28074030204525,18.171090986285652],[76.28164104429402,18.160821665830603],[76.2812174522726,18.153312546204383],[76.27883186083974,18.149433109655735],[76.27929558433618,18.14490266260874],[76.27715963243323,18.14220933203407],[76.27665577683291,18.13849051385544],[76.28277368015851,18.128100794572973],[76.2954464207296,18.12073876579312],[76.30101136337096,18.115459185061766],[76.30258989278957,18.113082549841646],[76.30523864146802,18.10754881654265],[76.3059921856348,18.102777497588786],[76.30529660655546,18.095081123035495],[76.30790518606906,18.08997102121597],[76.31167755996121,18.085110602702986],[76.31456707259265,18.08317978667028],[76.32083210614873,18.075492331614985],[76.32335591872712,18.073797864161882],[76.33075806561716,18.073142380201926],[76.34211540736914,18.07751226307338],[76.34723443081256,18.077900197699087],[76.35798090873685,18.082849833751187],[76.36974394457422,18.086912034483664],[76.38109687636086,18.08821856118688],[76.38622480849624,18.07938952503311],[76.39776492724343,18.065499480635577],[76.39885745388119,18.061410490216407],[76.39856756832428,18.051885778637462],[76.40209030114832,18.0497187093625],[76.40442687622081,18.045973059228977],[76.40782919703518,18.044042221037426],[76.41805390522734,18.040541884586876],[76.42389080185038,18.03260913596923],[76.42758296921461,18.029189023811508],[76.44085768478737,18.031797577993608],[76.47219183084204,18.02496178685481],[76.47744017944757,18.02484135959532],[76.48136864676951,18.02559944531228],[76.48587232189071,18.02521143626795],[76.49326107090657,18.022134670337426],[76.50189387763542,18.021461355682828],[76.5116860639607,18.02312909212775],[76.51660896261119,18.02197861015096],[76.52140243766956,18.023022092421655],[76.52394858748269,18.019949767962597],[76.52839882597549,18.021443552741065],[76.53156477176917,18.019731239690486],[76.53900700979032,18.0218404200887],[76.5464314431129,18.022901694725196],[76.55587127571171,18.02847105705068],[76.56693434740322,18.03767915421324],[76.57655264627314,18.03544065847764],[76.5807887406113,18.038842928560605],[76.587838594191,18.036836385900237],[76.59541458303835,18.031480980129672],[76.60130952014578,18.031521086876428],[76.60489471580293,18.034508677046276],[76.61107501246428,18.03656882958616],[76.60874736443591,18.01836228512808],[76.60605408416342,18.009091825201864],[76.62256611684086,17.99937095049084],[76.62412233183393,17.998479155250696],[76.66091882679322,17.998010926076226],[76.66919494606523,17.99719052377533],[76.67529493592049,17.99539794319544],[76.67867495980596,17.99245045601843],[76.68006176378813,17.991228687816943],[76.68379398839723,17.986060604906786],[76.68792757991194,17.975149150717407],[76.68797215902345,17.9689510082024],[76.6784341618612,17.968571990636836],[76.67247680001712,17.965459502462977],[76.67437189405985,17.95144012672096],[76.67574975800575,17.948051153209946],[76.6803203561154,17.944800501418598],[76.67453692485199,17.92444914802632],[76.6740553127659,17.92045828313643],[76.6829601702829,17.917229866356177],[76.71721495529282,17.915401614694353],[76.72267733026575,17.916271152157314],[76.7252903644757,17.912159859422452],[76.73412388185469,17.909528978578884],[76.73761091543106,17.902220507606856],[76.74067875562464,17.898011177453512],[76.74297518345836,17.899023374645875],[76.7659529097803,17.898430270729698],[76.77014006223865,17.892361442165928],[76.77310982062299,17.88515111169085],[76.77379654134732,17.88223934558483],[76.77326142775348,17.878658662942247],[76.77456795312945,17.87695972825265],[76.7974475400244,17.86933916184173],[76.80280299326066,17.86832246783753],[76.80624982504706,17.8704940481413],[76.80534913380353,17.874208488621818],[76.80822968573877,17.88309100109382],[76.8110790138635,17.884089835751105],[76.81713004405039,17.88309099046113],[76.82036737215113,17.884451000339144],[76.83307577999993,17.88274761269846],[76.83175587620532,17.8906714363863],[76.84691680785731,17.89640140445756],[76.85383740186134,17.897837267377877],[76.87185658139052,17.894742668964387],[76.87526780187457,17.892727090797123],[76.88118058350905,17.893052626872432],[76.8832094742155,17.897079232967346],[76.88938082635278,17.897181772559673],[76.89240411313239,17.902849319273525],[76.89367050801533,17.90737077161542],[76.89660010670457,17.908021792834486],[76.90020756523062,17.91468818692705],[76.91320140171071,17.913800827307593],[76.91644316057787,17.915089521058654],[76.91834272835668,17.923111399501643],[76.91918992206097,17.93666265036264],[76.91322365100527,17.937211065305252],[76.91726811883615,17.960478705578023],[76.9182357075194,17.972852746513],[76.91958678378072,17.98537830951661],[76.91967155531785,17.990640092307874],[76.91763376853262,17.996258532314478],[76.91848545197392,17.99868870315258],[76.91816878647184,18.001872561547984],[76.91766938370458,18.012342488540053],[76.92025123629271,18.013756013310676],[76.91940396197798,18.022009794404614],[76.91771845348012,18.033228890947942],[76.9386361306052,18.03722876168078],[76.95205799352756,18.037710326025596],[76.95464430797514,18.039681255016085],[76.95430540622802,18.04273130659094],[76.94863343170466,18.045718867596605],[76.94844608158888,18.048661836841077],[76.950608810642,18.058271270376743],[76.95266890635173,18.063408110095267],[76.94948507546799,18.068268524636895],[76.94702815455803,18.073762185330796],[76.94973923991357,18.082332589575827],[76.95482707716528,18.08536029025188],[76.96431601795426,18.088209670628157],[76.96734826911721,18.092641968710595],[76.96827572998804,18.097109992762196],[76.95857277433775,18.106429576528104],[76.95339128990189,18.11011274080518],[76.94252888799001,18.111410308971855],[76.9321525574512,18.110982300946677],[76.92256105135189,18.116110273064503],[76.92228906754556,18.120190324006003],[76.92417966348901,18.12446213456675],[76.9299943383707,18.132247764079985],[76.93176461718652,18.136577485662453],[76.92765775628209,18.13985941315156],[76.92537028430363,18.14482239609638],[76.93335655371847,18.157909854255262],[76.94375511388853,18.154739410762282],[76.95095660203529,18.17247775217224],[76.95410918564275,18.184887457590726],[76.95881795314736,18.18614045298799],[76.97090213502644,18.1868628247373],[76.9798515638242,18.187402334215285],[76.980551637262,18.189400004131553],[76.98789131110306,18.18847701540352],[76.99146303355424,18.186653199201185],[76.9929524213694,18.182051451505057],[76.99547626236048,18.178390532520357],[76.99529346624978,18.173329422791333],[76.99775486311077,18.16685036728539],[77.023987767317,18.162681104662564],[77.0227436346137,18.17125148522089],[77.02171361310165,18.178221036927244],[77.03032860380317,18.17934033247288],[77.03238866717629,18.1830012259664],[77.03283910368792,18.1837815649311],[77.03810083695384,18.18131120678855],[77.04944478039657,18.173209019340575],[77.05031425252199,18.16128090108916],[77.05767183708016,18.155929996646712],[77.05767183708016,18.152362744494877],[77.06910493166913,18.149442064929087],[77.08618325048477,18.150271435257018],[77.08925556753876,18.155961194639264],[77.09268019602318,18.156977872979596],[77.09661762090336,18.158132792042213],[77.10888454026205,18.152692687394016],[77.11633125176765,18.167608362083712],[77.10292724167759,18.186309908269774],[77.09886050792294,18.19113908275639],[77.0955429204483,18.195098753389804],[77.10658810604939,18.20180972356655],[77.11662114939445,18.20241167987761],[77.12098656103443,18.20670135604892],[77.13114884406224,18.206179626349318],[77.13949626368851,18.207240872067494],[77.1422208508382,18.216047608553033],[77.14998409073456,18.21656038923536],[77.15064403102669,18.22153227601024],[77.14879796197168,18.22145203891675],[77.14768765611366,18.221402996951],[77.14776796712144,18.237651942259852],[77.15141104574806,18.237937326824934],[77.15719443581571,18.253089386144076],[77.16568018231467,18.25592087621357],[77.1673790843517,18.273449657869406],[77.17053162900906,18.280869603853674],[77.17784014926369,18.28185058778151],[77.19164995888951,18.2742923781006],[77.19882908747593,18.279228650895966],[77.20617771114117,18.277957736356626],[77.20446094124486,18.29047893873412],[77.1976473941705,18.295522187284007],[77.19541338345732,18.312712049629063],[77.20014903610486,18.319168781342558],[77.20997681711344,18.313737641825384],[77.21691079646895,18.324889785964658],[77.22297510717112,18.337798913475016],[77.2272737249206,18.344902221594726],[77.22136542064925,18.347212121493403],[77.23081419761193,18.36557907479549],[77.24163204498282,18.36638172360188],[77.24503431072108,18.370586696855213],[77.2328698421346,18.3861266375767],[77.23639699102118,18.399811602468855],[77.24022739994882,18.408649606934485],[77.249123319287,18.408252670070514],[77.25836257346255,18.410419815864298],[77.26455627943662,18.418379374839997]]],[[[77.75739396920116,19.028549343053037],[77.76093446849501,19.05121046298003],[77.75956107936638,19.059299323775093],[77.76168807481805,19.06204165372966],[77.77098969648554,19.056160077643757],[77.77794593348148,19.05437199546877],[77.78309622417679,19.054831294525947],[77.79113598634198,19.050662040414608],[77.79453820451451,19.05018939000303],[77.7971780565879,19.0513085496925],[77.79567088657865,19.06102051584456],[77.79715571407102,19.064882061948403],[77.79353494465637,19.07120953949747],[77.79445799642833,19.073367759928313],[77.79728505623481,19.074589552766945],[77.80130715521756,19.084408513696463],[77.79976879780311,19.094579745115926],[77.80024592042669,19.098869376326945],[77.80264930586186,19.10195950068081],[77.8057617861798,19.103341845913352],[77.81517051517068,19.103662861635648],[77.82237194519216,19.09639902579954],[77.82547549127099,19.091699092043463],[77.8286147223961,19.08493913848485],[77.83380958239341,19.086531001536525],[77.8421882309159,19.08677184010586],[77.84658929935725,19.088519806313673],[77.84813659727622,19.090080486418536],[77.84818126158135,19.092599826897917],[77.84414578558349,19.096069065064757],[77.84519359817887,19.114208681132574],[77.83863873810517,19.118850601224462],[77.83392998234041,19.132736263450163],[77.83109391778164,19.135652500607026],[77.83767557616348,19.138310113248284],[77.84924246964727,19.15528147701729],[77.84874750219912,19.159428439175592],[77.85016548985804,19.16231341428817],[77.85035722864464,19.16765097622227],[77.85385766738312,19.16943018574602],[77.85423223421968,19.172292896669482],[77.85301937971792,19.176818940930445],[77.85839259641344,19.18076971332284],[77.8445336457802,19.188189571941134],[77.8465491706885,19.19697848620688],[77.85267603756894,19.20459019771661],[77.85233269434352,19.209713677383746],[77.8584505150059,19.21846695201],[77.86152730893332,19.226288143468008],[77.86228982128218,19.23396225239689],[77.86540226794146,19.23793085824163],[77.86808219461092,19.246108857113757],[77.86738662013859,19.255258921446767],[77.88462989183589,19.26023082043863],[77.8918759363508,19.257100583166856],[77.90039287172605,19.256119564073657],[77.90570813080791,19.267218236775726],[77.9006738080736,19.277126371210024],[77.89305766548229,19.278392789111933],[77.87539064849112,19.27977951829446],[77.86192417886988,19.284095957641718],[77.86084957386696,19.287640952800366],[77.86264211728816,19.295373040065748],[77.86087626467099,19.302128532343],[77.87111885955807,19.30573156240684],[77.87523017597718,19.308901934008343],[77.88804560538561,19.31241122333992],[77.89325831051546,19.321160029227865],[77.8995277366836,19.317788945810435],[77.90577500475912,19.315782303343262],[77.91227631673891,19.31794945652729],[77.9220417656489,19.325913418548577],[77.92632254179044,19.331910905148423],[77.9372338955612,19.335750183323153],[77.94062730017579,19.34250126132685],[77.9489212221981,19.341279469425697],[77.9627087665859,19.331768202893922],[77.96665061781962,19.32731802795913],[77.97690659990496,19.321048531765395],[77.98549474842096,19.308991153384596],[77.99588893563102,19.305718164621503],[78.01161177849644,19.301111862460726],[78.0182513137325,19.29632729631066],[78.0272810257982,19.278682657678353],[78.03288161395783,19.274112050264065],[78.04574612200443,19.270861368447296],[78.0494472229303,19.2627279634661],[78.04762346385989,19.255629095291866],[78.0480515210588,19.24750904982569],[78.05113276837803,19.241761300534208],[78.05755828592433,19.23975019145835],[78.0751405911763,19.246550366731544],[78.0822528549066,19.254768457194675],[78.09512177874386,19.249854545513937],[78.09938914243585,19.24548018195287],[78.12671010255275,19.2463987394023],[78.13926688547393,19.239442505654036],[78.14974128997223,19.23005162202881],[78.17005694847104,19.236330038160965],[78.18331838353323,19.24154277070062],[78.18640849275172,19.249346206063336],[78.18325594385301,19.26117171514645],[78.18315332702804,19.27895907635227],[78.19317738842975,19.302940110491107],[78.19550950053895,19.314382162328055],[78.19505916867165,19.324959132052996],[78.1971504695647,19.331728107941363],[78.18711748150602,19.338608462320842],[78.18225264269468,19.345448694204155],[78.17959498336579,19.353011384682894],[78.18136525630199,19.36075232392818],[78.18445542277314,19.36822134330842],[78.18482109894326,19.376292380434908],[78.18698817163505,19.38455060260289],[78.18756784732966,19.395622493889586],[78.1821679395335,19.411768922101235],[78.19811363134143,19.40744809111997],[78.2054845659697,19.414350747089358],[78.21508050968859,19.42705028124332],[78.22426631374643,19.434033225264358],[78.23362150661724,19.432891675096016],[78.24581261071907,19.428989969842313],[78.25199740492374,19.430051275493085],[78.26183423221032,19.44009761501],[78.26693095297992,19.44792783240127],[78.27321824297536,19.45384051919029],[78.28198929979436,19.452988854150547],[78.29115281060217,19.44880177316937],[78.29733309458047,19.448828519604817],[78.30889111594722,19.45640898715541],[78.31195893249945,19.46590242943719],[78.31204813407757,19.47925743138443],[78.31001480547089,19.486432123310276],[78.30361151478758,19.493762876532806],[78.29942886793489,19.504130314650343],[78.2987064797974,19.513561340136235],[78.29548703128732,19.530840332786106],[78.29502774726711,19.53727926922005],[78.29145156939656,19.543111762686696],[78.28460683293036,19.55038904462905],[78.27910427260645,19.558201326719658],[78.28534704214123,19.560341727185655],[78.29650818605671,19.558384202748933],[78.29928614542361,19.56129147582277],[78.29991045724027,19.566780629680512],[78.30612201238202,19.56744062185439],[78.31114742913364,19.571770395327157],[78.31204370440024,19.578561607324048],[78.31004155776724,19.5867084108457],[78.31099134668281,19.604179148137053],[78.30889111594722,19.6113984042153],[78.2989740315442,19.62341128197913],[78.29550040930484,19.631830037948063],[78.29242811113672,19.644159425172],[78.2875587767875,19.654460003371167],[78.27266093664838,19.660167642554622],[78.26972238686413,19.66312844748417],[78.27339219423162,19.670151524244762],[78.28581079964634,19.689669074386572],[78.30494477358293,19.688429395655717],[78.31606134414422,19.690551968178674],[78.32010575187414,19.69670995106747],[78.32269201621519,19.703648351503574],[78.33251991012708,19.708508728999472],[78.34527737880589,19.713569862086032],[78.34430081303528,19.72433411353212],[78.34541109474984,19.734420545821095],[78.35320113949089,19.737751527023484],[78.36079951663899,19.75398265605913],[78.3647903508886,19.767337691036076],[78.36773784369824,19.781080606390177],[78.36699761448165,19.794538143848424],[78.36048732741108,19.80573944805588],[78.3516137617456,19.810350176627352],[78.3392084902263,19.8135071976184],[78.33598456601995,19.818661952252697],[78.34137114728613,19.832939921111766],[78.33899896034417,19.839178265370187],[78.30317007371578,19.845831233222384],[78.29412698178291,19.849550074395143],[78.2942117682192,19.855552095270394],[78.2976898637542,19.873290365452416],[78.30761575661438,19.908490537620185],[78.31019764164462,19.912740044331212],[78.29792171528375,19.916797822275214],[78.2901450688888,19.914229385337098],[78.28241745097456,19.910349987336097],[78.2796795293846,19.90721077226963],[78.27781560249917,19.891086619675068],[78.27626834324543,19.88482157278881],[78.2709262647306,19.879220922610113],[78.2627572617142,19.87531031967695],[78.25022267302307,19.872630391815882],[78.2468738828622,19.87348211038474],[78.23786207046298,19.88717150726534],[78.2390883052009,19.89200078716319],[78.24389523639712,19.897770841436394],[78.25078453131832,19.903630060364698],[78.25517231048852,19.911380028582563],[78.25578315567759,19.91856804591585],[78.25318358448881,19.925479695873175],[78.24832310903135,19.929060347459668],[78.24270017321794,19.92788309076621],[78.23529812613897,19.923682643896058],[78.23197163259061,19.918510121130875],[78.22587597434426,19.916160175857485],[78.21739031539055,19.91521481328314],[78.20539092615097,19.906622180667146],[78.19612930151125,19.9023726127217],[78.19080965920948,19.902109518315395],[78.18486118845334,19.903032542751582],[78.17349942009182,19.910060127115283],[78.15189951384312,19.91361849978896],[78.14514841525464,19.91574102077104],[78.1378399958858,19.915089933949428],[78.13334518116213,19.9111481481045],[78.1306519247369,19.90628769083868],[78.12684827414566,19.90178847529846],[78.1213903594331,19.899848784480792],[78.10727727894974,19.89722232975267],[78.09879166437514,19.89647767714701],[78.08970845352967,19.897440860825515],[78.07419520171632,19.90041957273017],[78.06587010287036,19.906421485592],[78.05906548137447,19.912441262584984],[78.05471788175699,19.917948215968675],[78.05317501344287,19.92381194080128],[78.05094991784631,19.928801732379497],[78.04911721583291,19.930607661441552],[78.04397593960539,19.931040195375832],[78.02935002644796,19.928360275262605],[78.02375831171932,19.92546182967234],[78.01457256645395,19.915531401076525],[78.00782592404488,19.91409110638131],[77.99595584102114,19.917689631278],[77.98826388823115,19.916347404985746],[77.98413027793903,19.916641735960546],[77.97856087078989,19.915469002535378],[77.97445851826846,19.912847007492648],[77.96746668114028,19.910327660601734],[77.96102322948263,19.90985051339624],[77.95623862542814,19.91097864465505],[77.94993795965344,19.911170391078777],[77.94386458517148,19.90706360934068],[77.93981129595356,19.90064248788505],[77.93656953169753,19.89279894774495],[77.93038025769796,19.890738819178736],[77.92005300328857,19.891211520177276],[77.91609777481031,19.88461206027429],[77.89885895695151,19.880291196783876],[77.89421252475528,19.87795012746582],[77.88802328137767,19.870958294415875],[77.88797872055126,19.867092253309362],[77.88392535327523,19.86227195872612],[77.88231568491875,19.856849628574462],[77.87235846304182,19.849478761387516],[77.86901857477312,19.83676139979199],[77.86723494506717,19.832618886395597],[77.86730184260878,19.827620291747973],[77.86647691543524,19.823803267771954],[77.85977042257193,19.816169294559202],[77.85254667336521,19.810747010771156],[77.84527385649436,19.800660542046312],[77.84686130155514,19.79300422561483],[77.84941196538846,19.788652132864986],[77.85822311457297,19.778529983177105],[77.86168788878877,19.771261698330413],[77.8624101899387,19.766334402418693],[77.85519987382155,19.752961499614624],[77.85668921783783,19.74346366498726],[77.85943599864768,19.741800427558314],[77.86282938583467,19.74103785917048],[77.86595071366017,19.74150161888061],[77.86836312694557,19.74302219417695],[77.87287129003361,19.744230572771382],[77.87357136476383,19.743570664812715],[77.87449435415382,19.737657855217098],[77.88770228605505,19.726951586331214],[77.89205879477336,19.725328470110263],[77.89346340231889,19.728561344494988],[77.8936462580784,19.73207061650788],[77.89555920566136,19.734630173686018],[77.898390721501,19.73463019984177],[77.90233700267133,19.731597986195],[77.91047037759219,19.72952002924193],[77.91581687828416,19.731428536030165],[77.9191344099708,19.734701482641714],[77.92958657903958,19.739058062859883],[77.93289078938865,19.73658768839993],[77.94917989589345,19.72906070810249],[77.9570100605172,19.717052351259767],[77.96087612935133,19.706083030178426],[77.96653019022799,19.702181278319788],[77.97805699437859,19.701253750075292],[77.9813477885064,19.699051017258707],[77.98050508153086,19.686199834224094],[77.9843978413232,19.68040300366877],[77.99295037157175,19.68034058062807],[77.9959424250999,19.681080838072734],[78.01513889757439,19.693708968331133],[78.02770907714921,19.698810155387516],[78.03614129700496,19.699898183446493],[78.0429369266993,19.698471319011645],[78.04869804440129,19.69113165092185],[78.05130220959188,19.684750609514168],[78.05249725883887,19.670530578787258],[78.06276655688077,19.667690098853427],[78.06768049208853,19.663253368904456],[78.07253195754247,19.655070865831785],[78.07800325947669,19.647940782160664],[78.08560164556958,19.644690052527178],[78.0911085723447,19.64490862184464],[78.09364137760669,19.65111118291046],[78.09789087173864,19.656408639575346],[78.10280484226479,19.659427375456765],[78.11808167853326,19.657478806425107],[78.12159545179178,19.659150993960466],[78.1230312612343,19.663601151814742],[78.12674125208375,19.666588703584992],[78.13598051268023,19.666249875184402],[78.14877368502779,19.664131803692438],[78.15869967535089,19.660408405198215],[78.16433145240352,19.657420793234312],[78.16999006525236,19.656368441133623],[78.17460082031502,19.65445102474623],[78.18266285201038,19.64186298495132],[78.18499050093405,19.635299229992317],[78.19030130657043,19.624891669012506],[78.19127783538491,19.617618849361683],[78.19106383460898,19.613249000609862],[78.18754558561568,19.604107832604132],[78.18789785929563,19.591488510055314],[78.18122254675833,19.5833907948838],[78.18544087584726,19.57044155255541],[78.18460699809106,19.566642411757893],[78.18019696298558,19.562932444902323],[78.16271284846384,19.55841986019077],[78.15405325733069,19.555160237961783],[78.14306600166121,19.552199389525445],[78.1356282399034,19.55322058701793],[78.1272897607624,19.556841300060928],[78.12043607000655,19.556827992786214],[78.11560244972456,19.55293958262786],[78.11911621799341,19.545791727431038],[78.1259074334119,19.53999935691696],[78.13069203479162,19.534412061657743],[78.13192717343222,19.530461256242024],[78.13078121652921,19.52510144326001],[78.12087305853348,19.516709415800083],[78.11902702645273,19.51386007935933],[78.11737718698303,19.507461288896803],[78.11676179725994,19.500612037053628],[78.11007764514312,19.49061919319407],[78.09768573364461,19.486191321006785],[78.09118438330086,19.486588230192638],[78.07878809682717,19.4779107820484],[78.06996356723002,19.47028125628765],[78.06363604290463,19.46625024398914],[78.05898076694902,19.466161068073816],[78.04975041061226,19.475859623647658],[78.03996272702736,19.482218293555555],[78.02654083694101,19.494021509758376],[78.02172944141029,19.49674161564657],[78.01537520187959,19.49546178536023],[78.01228508793457,19.490070730421355],[78.01071103543462,19.482909424218175],[78.00903887883142,19.464738589831242],[78.00528873553968,19.46071203126086],[77.99590235155894,19.46192042361303],[77.98734082048892,19.45450942049729],[77.98692166932786,19.454861664843953],[77.98295755661158,19.459271718680913],[77.98232440377173,19.464720760582008],[77.98310915726302,19.47791083100792],[77.97616632594874,19.488452114878996],[77.9701064490965,19.493241199647603],[77.96943758153137,19.496340226054645],[77.97167159695694,19.505481394255412],[77.96832282210025,19.507867013265678],[77.95479386922919,19.510359641218145],[77.94911740638146,19.508848011778756],[77.94346775232917,19.50044258785915],[77.9394589880237,19.49770030823775],[77.93414381071285,19.499800513706436],[77.93206583583208,19.503621942390414],[77.92843610515186,19.508009696242322],[77.91263751840658,19.514658226903695],[77.90894985715695,19.527299782712166],[77.90883834567626,19.530412244127376],[77.9036569027986,19.53272207958504],[77.90025458311501,19.531879262916615],[77.89781994238058,19.52645698557744],[77.89481898665062,19.522599905424748],[77.88604793739766,19.518863159832566],[77.88445155567024,19.511969418098793],[77.88664101525085,19.504549427475723],[77.88157101559604,19.499800517295615],[77.87858783975588,19.499680101813514],[77.87544419741886,19.504223923569924],[77.87480204462203,19.508669694965782],[77.87349557515347,19.51163946937999],[77.86589724730129,19.5132580688891],[77.8577192905268,19.519081703340994],[77.84969285842224,19.51728015705313],[77.8439540359285,19.514439730487016],[77.83905793774011,19.509351870325023],[77.83991404223616,19.493811903527813],[77.84313355647856,19.48620919937802],[77.83967770467095,19.483190367938985],[77.82470853465207,19.479788031288365],[77.82373198782794,19.474878582736263],[77.82836056135302,19.468109687320286],[77.83413509817785,19.462442182175028],[77.84371317066822,19.455249668010442],[77.84320936711795,19.451713609228115],[77.83383183021964,19.44822212837576],[77.8308887962615,19.43873760501686],[77.82656798075428,19.438091044456527],[77.82187703103723,19.440271528635623],[77.81590176149409,19.444739538882313],[77.81234792857789,19.453042345718984],[77.8061809366991,19.462442147493704],[77.80111096718755,19.463779893891033],[77.7975927014599,19.458852629413297],[77.79435544519943,19.449952225980148],[77.78578060329272,19.448320208642038],[77.77826698805993,19.44428028104525],[77.7712840587234,19.43814902669921],[77.75251567717632,19.431759049922814],[77.74534540123685,19.430519458915157],[77.73845610017895,19.43697179562707],[77.72901175914858,19.433221685254246],[77.71875132480088,19.434269532167814],[77.70960132051758,19.43689151477475],[77.70405419779486,19.436681914986686],[77.70091046982655,19.438171234741283],[77.6953499859383,19.438189110258076],[77.69241147862917,19.440530121650873],[77.6945473595414,19.448908809266964],[77.69490857707696,19.456939678441753],[77.69552391085797,19.459329700177573],[77.69753053581074,19.46138986529752],[77.70185132641276,19.46382895690869],[77.70709974709614,19.466798675697987],[77.71039501679584,19.476060244348112],[77.71396671104968,19.476439270430937],[77.7186666076068,19.47442819318162],[77.72174791386003,19.47428105499493],[77.72508327204812,19.47828976930392],[77.73374289359919,19.48006008559337],[77.7366546369433,19.482650808847012],[77.73610615849708,19.485718667382937],[77.7322311915552,19.491319304522843],[77.73282431285048,19.494520934870792],[77.73554431675706,19.501258671409378],[77.7491222939106,19.50921815295721],[77.75048681929522,19.514858923362617],[77.74601878305509,19.52140041053821],[77.73008642734207,19.531692032044518],[77.72560944795619,19.531103408939554],[77.7191303679513,19.52729982585387],[77.71035929316064,19.52526202074001],[77.70226161112208,19.533359699297854],[77.69684375717497,19.537528937864916],[77.68557123060914,19.539531123371532],[77.67011149086296,19.5404719555746],[77.66239720368459,19.545109462873175],[77.65583790276447,19.546478381756533],[77.64286191704365,19.547267607199775],[77.63646753677247,19.55088842998489],[77.63072868943388,19.55545006234318],[77.632797746414,19.557751031403306],[77.63887105469803,19.555414407029325],[77.64586735883877,19.555280623955298],[77.64480612519944,19.563712831981707],[77.63714533403405,19.587261329273268],[77.63716316384878,19.59623751228703],[77.63981636605547,19.59971111070572],[77.64138149610011,19.605062077000984],[77.64132800865652,19.60759035243619],[77.63915195703623,19.609512247514814],[77.63488013793715,19.609699493488964],[77.63009551822259,19.60815224177327],[77.62606897634093,19.60782225579035],[77.62503002017793,19.61423889950277],[77.62679132755326,19.6210880981629],[77.6258014150158,19.62422729425475],[77.6237546940515,19.627107849845185],[77.61264257426627,19.629159052777776],[77.61075638243712,19.632048534983273],[77.61342742917489,19.637649207325445],[77.61173296447154,19.639151893347996],[77.6076216639025,19.638942295013862],[77.60484364486813,19.64064125535915],[77.60563738406599,19.64417729857457],[77.6041034052493,19.64682155892901],[77.59771801394642,19.644288805228854],[77.59633562335374,19.647668753567753],[77.59366023723041,19.650571660400388],[77.583181301005,19.651271716744787],[77.58088039199458,19.652961700550172],[77.57926177899493,19.65664043777044],[77.5769876366943,19.657581349517216],[77.5707404621802,19.651521455451242],[77.56507287124258,19.65026839186978],[77.55195418741677,19.652390909402044],[77.55087956237467,19.66023897247576],[77.55178030282408,19.663667998251395],[77.5433258490915,19.66187100356526],[77.53929927682165,19.66241057201455],[77.53584345414016,19.663908794809906],[77.53631619204154,19.668662223473774],[77.5317232729215,19.668541802123595],[77.52632328084054,19.669799269724283],[77.52002703466873,19.669959792097792],[77.51345885124256,19.67229634748782],[77.51003864383085,19.67443225513731],[77.50218172695925,19.676073243039944],[77.49897120030626,19.677620519514285],[77.49191243222393,19.679109848712198],[77.48837194520583,19.678307250558905],[77.48172781032079,19.675310691248274],[77.47952952556172,19.67634974468413],[77.47593543992103,19.68239175167909],[77.47355428731264,19.682819869017255],[77.46428828379477,19.679332878765166],[77.4597310715594,19.67976090093439],[77.4565116506123,19.681990505338543],[77.45031792656512,19.67690262557533],[77.45049187820129,19.673839245570775],[77.45334562792657,19.674271746160084],[77.45405016875752,19.671368887266357],[77.45970883696904,19.67107015063996],[77.46105095814622,19.665170725269558],[77.46698159416724,19.66468918902577],[77.46618784928886,19.656261413234922],[77.46169312588802,19.645519493525384],[77.46434185475644,19.64533221158955],[77.46405640527506,19.64217069323054],[77.46759247987222,19.64137254649007],[77.4636773804867,19.61459117380881],[77.45664987651185,19.612281342329347],[77.46357934153848,19.60849112901481],[77.46817666527767,19.608393028413584],[77.47801344854687,19.599862730329654],[77.46060950950728,19.582940426532893],[77.4508797885259,19.56727113589823],[77.45405016875752,19.56664239489375],[77.45298897874575,19.56191135264402],[77.46576874137332,19.563213358020963],[77.46618784928886,19.556243820388598],[77.4653317750984,19.542590011436978],[77.4675523903241,19.530042145393463],[77.47058900260618,19.527299816220975],[77.46716444881976,19.498409273584187],[77.47052659408361,19.49646068604175],[77.47099478846829,19.489089759899194],[77.47305485604565,19.48804182596584],[77.47968111465444,19.490592506019475],[77.48658827045155,19.495015923166417],[77.48784571109877,19.479850454904554],[77.48484027546239,19.47482955608896],[77.49048552132739,19.46607190447212],[77.48722145585738,19.4567613012775],[77.47447288154791,19.45504006806284],[77.46922896177357,19.436521376843036],[77.4494171732908,19.43941088922212],[77.44624228779922,19.423349256820988],[77.43427411181241,19.40676139234469],[77.4409493621904,19.39964907615763],[77.44859222802424,19.388697521305815],[77.44667039687387,19.382432540838543],[77.4429604154588,19.38146038856218],[77.43961164646394,19.378811732971144],[77.43351603958885,19.37710838551012],[77.41670968578526,19.376327987183192],[77.41557266495744,19.371249067104376],[77.41252260203368,19.36506878834593],[77.40603461220265,19.362701008260483],[77.39881975043754,19.356079186900768],[77.38672673792247,19.352052631606362],[77.38318616615416,19.340588353605696],[77.37802700371074,19.337939592965828],[77.361528336716,19.338412295130283],[77.34971620317224,19.345457692116018],[77.34925689216703,19.35186089702029],[77.33917034390653,19.352529784092148],[77.33117075952258,19.35496890838578],[77.31104239236116,19.353702524382427],[77.31107359583876,19.353140723009567],[77.31179153647264,19.339941716339926],[77.30751073594456,19.329721456243846],[77.29918560749353,19.331879714988506],[77.29535080890878,19.326720542584738],[77.28063134845318,19.32470054893547],[77.27736723717602,19.314511456325985],[77.2599187909754,19.313396706692814],[77.25955760162705,19.315363138328816],[77.24164537569966,19.320642729144335],[77.23597784337868,19.309597519918416],[77.23557211335668,19.273438754692325],[77.22029079291185,19.273630465421686],[77.21946132905099,19.26967971279141],[77.2084741557086,19.256217697796288],[77.2032480720398,19.25166936780846],[77.2030474320088,19.241890529410043],[77.19300104679269,19.24255051503633],[77.19264877748408,19.23578159206655],[77.1851798077094,19.232847517154994],[77.18171509900554,19.229743978700736],[77.17872746775663,19.22314898211502],[77.1766450843431,19.21671891157014],[77.17576661313916,19.210480652203128],[77.17713113209616,19.20640950555253],[77.17984222241724,19.20247209719011],[77.18076971418746,19.1927290006775],[77.17970849452948,19.18654863078759],[77.17681005473676,19.180479844593954],[77.17867394101802,19.175249340600548],[77.17635972012128,19.169341020279692],[77.1798689855263,19.16451182509571],[77.18631687628304,19.164199611586422],[77.1924303085701,19.16488186411856],[77.19152063127076,19.155941385297055],[77.19229203245509,19.143308780132223],[77.18900125900946,19.129949285452234],[77.18641049815795,19.128999478556455],[77.1798689855263,19.12989130800634],[77.17962820507572,19.12363072106538],[77.17520921799338,19.118988830379745],[77.16992962966543,19.121624169561606],[77.16613046962813,19.11932768113289],[77.16382513155482,19.115720289060725],[77.16339703881076,19.110320324264638],[77.16423988332669,19.10484460404365],[77.16190326565916,19.092903074882997],[77.15622682694263,19.082950338356465],[77.15055038099091,19.077149103704297],[77.14523520398328,19.074879381267596],[77.14192206216585,19.071263097363147],[77.1389790766551,19.069622140120163],[77.1349702744883,19.070139383509932],[77.12621265984018,19.076787901194237],[77.12275685844757,19.077849176657008],[77.11480624875415,19.07568200657991],[77.09569008973693,19.065880926811968],[77.08850650759905,19.068221999666367],[77.08569279301112,19.071062422186916],[77.08474743826675,19.075218294734395],[77.08521120309805,19.083628117728335],[77.08708846199336,19.08735148436829],[77.08957670470122,19.089799568596945],[77.09973893057722,19.09297891281835],[77.10238768189289,19.09507911926357],[77.1032349082042,19.09837887756483],[77.10204427650847,19.102780023899587],[77.09977018980143,19.10669953868807],[77.09892293901365,19.106730749179153],[77.08262495146317,19.107239112546313],[77.08122923064603,19.099939575375014],[77.07655165186739,19.092278787897445],[77.07454503759408,19.08373073238754],[77.0689310297158,19.07949901666731],[77.06564467473191,19.075641911712005],[77.0604721531652,19.066968947512052],[77.06001286046292,19.05836290788767],[77.06427124215087,19.047357852158147],[77.06503380350533,19.04146734634213],[77.06333933327456,19.02853150204825],[77.04242614191948,19.02961058856298],[77.0401073549427,19.015952380511326],[77.04090107998692,19.01061929274059],[77.04064245006366,19.002677618963993],[77.0490122380814,18.999369005883434],[77.05316814665535,18.99487863640811],[77.05253490052576,18.987650467207573],[77.03690130280548,18.971018002244318],[77.03280782708947,18.963941454506234],[77.0299986108633,18.951629813992252],[77.02717597474219,18.951790360343278],[77.0240724662821,18.938948123209684],[77.02078163948913,18.938809945882408],[77.01843168456558,18.93363740885545],[77.00805540138933,18.931367723292887],[77.00221395269075,18.928955359322593],[76.99791542164932,18.93103770693288],[76.99135607675541,18.935719736424172],[76.98618345635677,18.921731537393676],[76.9846272767699,18.914869053442708],[76.98243781634781,18.913468890902692],[76.97515169481862,18.914481091820694],[76.97381397757425,18.922369185323262],[76.97106712400954,18.926881866070865],[76.9625680990312,18.931470223685743],[76.9598614300609,18.93173780658012],[76.95400219606005,18.926609792869076],[76.95034568065171,18.921548728079184],[76.94890544492344,18.913299442262087],[76.94902580222755,18.906178273239583],[76.93792711229544,18.902891879512197],[76.93202769920451,18.899761622248892],[76.9336106637385,18.895779612722958],[76.95112601371297,18.89106189871388],[76.95603102610791,18.889099878144666],[76.95424738404478,18.880110326708206],[76.95510804360246,18.873791798097237],[76.97670790761545,18.877559731030487],[76.99236376953523,18.87871905954587],[76.99791542164932,18.879900761424683],[77.00106793282269,18.877911969797534],[77.01065054397193,18.877292180627247],[77.01452553603042,18.86135982829856],[77.01685316056023,18.84231053385804],[77.0076584757947,18.839322927633752],[76.99791093972254,18.831702320720357],[76.99581961950406,18.830128224114457],[76.9932332999203,18.826708120185284],[76.99790197586852,18.818481116951375],[76.9988785047841,18.81741979151337],[76.99916842127985,18.809130361560506],[77.00298094775404,18.787740086037548],[77.00595959849018,18.766349766478783],[77.02335902501439,18.766349769429393],[77.04435695164364,18.77230265265285],[77.05110351837016,18.77174970000388],[77.05457271318323,18.765052139662913],[77.0522004883074,18.74504864169412],[77.05237441439952,18.737998745693037],[77.05529062570645,18.72903148686733],[77.05470201329489,18.71733082762961],[77.04981934462604,18.715698806799722],[77.04236816180631,18.697153439347197],[77.04213632892423,18.69388932673373],[77.0445709473091,18.688930854127282],[77.04425882624658,18.68212180771419],[77.05742650658209,18.68251864954827],[77.06514078304667,18.68160894641063],[77.06539048943895,18.685501813309465],[77.07824611178714,18.689251866652036],[77.09265789177662,18.69030866027903],[77.09838783941272,18.69346127103372],[77.11663001663364,18.69442000415041],[77.13382876520112,18.697403122897196],[77.13413196321062,18.70995995927357],[77.14359865719427,18.71123077369617],[77.14731752260602,18.70509056432056],[77.15451898907168,18.70046208467725],[77.16371367664264,18.702522155179704],[77.17954352816128,18.701478731024384],[77.19174357655538,18.688471495714538],[77.18386881791236,18.684699179232144],[77.17521816862879,18.67870166726943],[77.15682880784492,18.67940174968792],[77.15521462504867,18.670840240488513],[77.15495150205183,18.656299104005225],[77.15331061250515,18.64532973340267],[77.17542324329642,18.647679681462172],[77.19713467124724,18.646190326220136],[77.19869976768997,18.642400071959784],[77.20281108516102,18.637561947158957],[77.20617771114117,18.63716062541699],[77.20964240664014,18.63407054590228],[77.21038263505943,18.629950267049278],[77.21151077707228,18.623729865368826],[77.24868185421715,18.61672904157477],[77.26313822894447,18.611498532260345],[77.26782030849618,18.609808539355278],[77.26510027596245,18.58990312034731],[77.2677623503022,18.583040584137123],[77.26455627943662,18.57962931118746],[77.2638383124042,18.564249891304588],[77.27246221977514,18.561003635235014],[77.27591804085486,18.55909962422469],[77.27790679060226,18.55801165143202],[77.28517956024417,18.551510207567894],[77.29358502013534,18.546070125490917],[77.28721742240899,18.5410982888613],[77.28595105019605,18.53824886237383],[77.28510828483671,18.53634927681378],[77.28466230845576,18.53016002886697],[77.27448224131057,18.518940940269786],[77.26839997654527,18.520510611283413],[77.24452153029523,18.497853875157126],[77.24572546890228,18.489818617769416],[77.24915453924119,18.48097174450842],[77.26146613147415,18.479660779899486],[77.26293313105899,18.475362217416233],[77.27204311290211,18.47352053343543],[77.27826801120395,18.472972144202807],[77.28322652826925,18.472521744867375],[77.28884943996424,18.47482263219632],[77.2980262222604,18.47538000309341],[77.29786571671582,18.46556108749783],[77.2910388115671,18.456870293420607],[77.28360105844679,18.452299691418066],[77.27223925159775,18.448518410365516],[77.26548819199844,18.451608511936676],[77.25367608337378,18.45228191826743],[77.25318105466847,18.446449368767333],[77.26127435916528,18.440139737668055],[77.26471674289031,18.429919510837756],[77.26455627943662,18.418379374839997],[77.29477109873582,18.432679654146394],[77.30226240206814,18.438472034185537],[77.31327192998089,18.439381735115052],[77.31741439027084,18.453789088092883],[77.3255745973987,18.455117871671145],[77.32602050540531,18.448852835478565],[77.33270918378997,18.44846045838737],[77.333382473536,18.441887741967708],[77.3373109272633,18.43543988931599],[77.34207775339928,18.43028956994112],[77.34529274025925,18.434369705947542],[77.35407273304051,18.448741346236766],[77.36963052247823,18.447648842506233],[77.36535421303377,18.438088588062573],[77.36440890415689,18.429848175357222],[77.36975089324481,18.400712334003842],[77.39263947909208,18.397029192166972],[77.40049635986966,18.397800582167115],[77.41011018502981,18.388530126082845],[77.40788066650323,18.37849265777207],[77.40067476586704,18.370172013961056],[77.39182341195006,18.36593133636529],[77.39824458450852,18.353530641301894],[77.39832927868139,18.347501920502477],[77.39594362942049,18.344639137583943],[77.39277769403671,18.345669189872517],[77.39283121067878,18.340550208325414],[77.38922828544085,18.340791007754845],[77.3861782279283,18.338191349240283],[77.37930227445403,18.339100997293052],[77.38089866448361,18.331930703710345],[77.37800466576184,18.328688964176937],[77.37394688402854,18.32950942010287],[77.36701746487462,18.32232134580678],[77.35542379278274,18.31851772822148],[77.35880829494734,18.310651937961357],[77.36252719968361,18.308288573039757],[77.38128663369416,18.305952047136905],[77.39257256127756,18.30093109946079],[77.39628705453825,18.302982225700678],[77.40780491221076,18.299562142887627],[77.42500362633238,18.304672245135908],[77.42780389507426,18.309180424335462],[77.43636986046026,18.306491605915788],[77.43461742285054,18.29298046079559],[77.43692723772068,18.28203781325934],[77.44489123864366,18.27723990051572],[77.44522121057754,18.27011868549643],[77.45079058064803,18.265962769036374],[77.46539418644913,18.25996085136492],[77.46922896177357,18.26316247443533],[77.47480731979238,18.26229294829409],[77.48034549612197,18.268660551524647],[77.49223351753832,18.26588249800157],[77.49774048470037,18.27335153819779],[77.5102081297778,18.27843935498973],[77.51264276717107,18.281979924302654],[77.50842890852641,18.302170688889216],[77.50950804706446,18.30673231488482],[77.51978179546052,18.30736998764236],[77.52388867328119,18.30303132119449],[77.53958025188813,18.293832201961447],[77.54995651029317,18.291352881055566],[77.5550309734837,18.29830914352102],[77.57022763934071,18.30818155975959],[77.56691898418391,18.317951454838905],[77.5533588117891,18.33122177510158],[77.54218877304687,18.333901616401935],[77.52732657457008,18.339399686102823],[77.51950085899382,18.349254344219176],[77.5214004694667,18.364647160545484],[77.53050148426509,18.375768132640975],[77.54155563045678,18.38522144198482],[77.54930110639505,18.38771852226124],[77.5552049405592,18.417853125775544],[77.54413742698672,18.420408224990013],[77.53515682595646,18.421179665772144],[77.53598175904787,18.423449293848453],[77.52593982573043,18.4273510158764],[77.5284815587202,18.44048311684225],[77.53450579818238,18.442400514252345],[77.54644721696677,18.44055891009436],[77.56017237952518,18.435047480357795],[77.5669323648728,18.43861028191627],[77.57412045228723,18.43934160459314],[77.5826417768907,18.443069383711123],[77.58521468041981,18.44545053512787],[77.58328387150566,18.44718961584658],[77.58364955688111,18.453548304425034],[77.5590888237991,18.457998454546654],[77.54979600535104,18.45797165011502],[77.54888186633724,18.4608077046326],[77.54619748620163,18.46338060587466],[77.54651859350486,18.465721578374023],[77.55808992125715,18.46527124801531],[77.56039977710368,18.467491886387393],[77.57063342022407,18.466858685065112],[77.57652390053546,18.483780924525544],[77.59075736415329,18.4811099303603],[77.59311621651783,18.473511685052966],[77.60106677206521,18.474211753756897],[77.60375116243956,18.485261388368233],[77.60283702208311,18.491379243126985],[77.59388765494818,18.493871885586344],[77.58627149162156,18.50291938466885],[77.5870651865368,18.50984883850405],[77.59646493630268,18.514999098301825],[77.60145023533583,18.521946378059788],[77.60040239656917,18.52496972530448],[77.5932901250634,18.523141472608938],[77.5932901250634,18.528019725892303],[77.59819066856221,18.535038320899353],[77.59726765251808,18.54754167472734],[77.61087230336837,18.547769055342044],[77.61329804825647,18.542391399245084],[77.61582191095441,18.542939880813506],[77.61633470160949,18.548669759587565],[77.62906542739977,18.550640693942746],[77.63440746248283,18.545182748250145],[77.64048077114373,18.553931566103735],[77.64881032228782,18.552620581582023],[77.64955061728823,18.549659724058113],[77.65219924459372,18.549632996014648],[77.64946584759728,18.541330092051723],[77.64528767114815,18.53630021180099],[77.65756805473788,18.5271992422298],[77.66208062047971,18.53325023664165],[77.67590389062133,18.541339039375877],[77.68274857469801,18.54080839455783],[77.71235700412913,18.554439889462046],[77.72793708056122,18.55154149441966],[77.73651195072404,18.554810004254154],[77.73538381497319,18.563179687477408],[77.74716025718293,18.589082656607545],[77.74809225296951,18.605309300468296],[77.74298661167516,18.621402168145156],[77.73602145453115,18.63089560076815],[77.72972078282969,18.642730114453386],[77.729760866679,18.64558833823384],[77.73010869607575,18.648121133468724],[77.73092468926174,18.655322585481784],[77.73317658627835,18.65570157359677],[77.73324793155393,18.6621271308162],[77.7281110419152,18.664209553469075],[77.73285548830798,18.6759994765038],[77.7446676494847,18.68389204387275],[77.749496867755,18.689782474276562],[77.74990706395354,18.69783121076698],[77.75763030867262,18.70708825026484],[77.76438135482883,18.70793997611465],[77.76880028728019,18.701621452328023],[77.76940229183545,18.690589612434266],[77.78643602040422,18.68411942971892],[77.78650741865059,18.69432190114152],[77.802221240214,18.71611794707998],[77.8027206936103,18.729249989002373],[77.8103858802,18.74025061729928],[77.82317905535001,18.76850349593895],[77.82755340200866,18.786014339892933],[77.83746156810919,18.807462609752797],[77.8592219458655,18.814062109925644],[77.90759427434682,18.829521782382557],[77.92874826327439,18.8217228146748],[77.94254918287864,18.82228915983742],[77.94522912821617,18.832108111789626],[77.94413660614192,18.84229267302723],[77.92964899264021,18.84648872981571],[77.93235566860255,18.85092992211362],[77.92459686167689,18.854140485152673],[77.92533705243935,18.859210511249334],[77.906064820469,18.867317122532526],[77.89920224114178,18.867928084757942],[77.89865823503654,18.88374001186631],[77.88767106722564,18.885122325990206],[77.88260547581136,18.89638153927664],[77.88157546322037,18.908532665738328],[77.86926383248401,18.910320717710565],[77.85663565972436,18.90607120388572],[77.84049820997966,18.91130170487814],[77.84113140381933,18.921459609219156],[77.8443063036901,18.93031983089332],[77.84870292535938,18.931381082550967],[77.85372839180582,18.9522808572164],[77.83049643812201,18.95020291739852],[77.82739285939313,18.945721510385304],[77.81269122236303,18.949458229306803],[77.81520175467149,18.959241547041984],[77.81286513769237,18.96006196195992],[77.81713692846027,18.982370849866694],[77.78713167127728,18.98427934752387],[77.78150873157448,18.976319890052366],[77.76735558519682,18.981421059791103],[77.7684346831464,18.999377889743084],[77.76574586681467,19.007377495666276],[77.76532665001585,19.015390522989126],[77.7642654185499,19.019622198583527],[77.76216073492381,19.02050954942265],[77.7602388273355,19.022641062579726],[77.75739396920116,19.028549343053037]]],[[[76.6905495273689,17.679952217793762],[76.69313133612515,17.69376204808496],[76.69122286775399,17.698140881671666],[76.6908705604427,17.701939995171635],[76.6923599529431,17.705262016592986],[76.7007965463315,17.70726860873351],[76.70345416746873,17.718621488363013],[76.70210312088498,17.72370937368232],[76.69815234760362,17.726041449251262],[76.70347645428659,17.729118265039343],[76.72760909183967,17.736997441526096],[76.72650323851663,17.740368584607268],[76.72193272712798,17.748029298440308],[76.71797297449993,17.74786871620878],[76.71909229082416,17.76133081663783],[76.72096061441543,17.76759139045812],[76.71720156704365,17.76984768591171],[76.71280494760808,17.771359350259655],[76.71244820825953,17.77509160527156],[76.71570779943848,17.78191845582841],[76.71938207128555,17.78529849132441],[76.7246304172803,17.785079918776596],[76.73943466721764,17.7791315473145],[76.74355489781433,17.780790286582942],[76.74400973790388,17.78346130219989],[76.74777317918533,17.783608423519116],[76.74887902139561,17.78635082953559],[76.76275572817447,17.787108853361556],[76.76632754663972,17.796651300321233],[76.77002859918018,17.797021452821394],[76.77628463980541,17.799380284646855],[76.77979400611076,17.80592184366105],[76.77948182775253,17.810287223809542],[76.78141712732047,17.81512094918522],[76.78481489957416,17.819637957423584],[76.78816821187363,17.826469374711092],[76.78547039241235,17.83145907717479],[76.77974496968594,17.83632836919706],[76.76573886880564,17.850798171287146],[76.76434323519611,17.849500611900904],[76.75972805083462,17.852060102555775],[76.75456438284989,17.856590519363763],[76.74578892616762,17.858311754792062],[76.73745926516928,17.857058756428547],[76.73964866503938,17.88362164185797],[76.7395863150944,17.892049309515784],[76.74067875562464,17.898011177453512],[76.73761091543106,17.902220507606856],[76.73412388185469,17.909528978578884],[76.7252903644757,17.912159859422452],[76.72267733026575,17.916271152157314],[76.71721495529282,17.915401614694353],[76.6829601702829,17.917229866356177],[76.6740553127659,17.92045828313643],[76.67453692485199,17.92444914802632],[76.6803203561154,17.944800501418598],[76.67574975800575,17.948051153209946],[76.67437189405985,17.95144012672096],[76.67247680001712,17.965459502462977],[76.6784341618612,17.968571990636836],[76.68797215902345,17.9689510082024],[76.68792757991194,17.975149150717407],[76.68379398839723,17.986060604906786],[76.68006176378813,17.991228687816943],[76.67867495980596,17.99245045601843],[76.67529493592049,17.99539794319544],[76.66919494606523,17.99719052377533],[76.66091882679322,17.998010926076226],[76.62412233183393,17.998479155250696],[76.62256611684086,17.99937095049084],[76.60605408416342,18.009091825201864],[76.60874736443591,18.01836228512808],[76.61107501246428,18.03656882958616],[76.60489471580293,18.034508677046276],[76.60130952014578,18.031521086876428],[76.59541458303835,18.031480980129672],[76.587838594191,18.036836385900237],[76.5807887406113,18.038842928560605],[76.57655264627314,18.03544065847764],[76.56693434740322,18.03767915421324],[76.55587127571171,18.02847105705068],[76.5464314431129,18.022901694725196],[76.53900700979032,18.0218404200887],[76.53156477176917,18.019731239690486],[76.52839882597549,18.021443552741065],[76.52394858748269,18.019949767962597],[76.52140243766956,18.023022092421655],[76.51660896261119,18.02197861015096],[76.5116860639607,18.02312909212775],[76.50189387763542,18.021461355682828],[76.49326107090657,18.022134670337426],[76.48587232189071,18.02521143626795],[76.48136864676951,18.02559944531228],[76.47744017944757,18.02484135959532],[76.47219183084204,18.02496178685481],[76.44085768478737,18.031797577993608],[76.42758296921461,18.029189023811508],[76.42389080185038,18.03260913596923],[76.41805390522734,18.040541884586876],[76.40782919703518,18.044042221037426],[76.40442687622081,18.045973059228977],[76.40209030114832,18.0497187093625],[76.39856756832428,18.051885778637462],[76.39885745388119,18.061410490216407],[76.39776492724343,18.065499480635577],[76.38622480849624,18.07938952503311],[76.38109687636086,18.08821856118688],[76.36974394457422,18.086912034483664],[76.35798090873685,18.082849833751187],[76.34723443081256,18.077900197699087],[76.34211540736914,18.07751226307338],[76.33075806561716,18.073142380201926],[76.32335591872712,18.073797864161882],[76.32083210614873,18.075492331614985],[76.31456707259265,18.08317978667028],[76.31167755996121,18.085110602702986],[76.30790518606906,18.08997102121597],[76.30529660655546,18.095081123035495],[76.3059921856348,18.102777497588786],[76.30523864146802,18.10754881654265],[76.30258989278957,18.113082549841646],[76.30101136337096,18.115459185061766],[76.2954464207296,18.12073876579312],[76.28277368015851,18.128100794572973],[76.27665577683291,18.13849051385544],[76.27715963243323,18.14220933203407],[76.27929558433618,18.14490266260874],[76.27883186083974,18.149433109655735],[76.2812174522726,18.153312546204383],[76.28164104429402,18.160821665830603],[76.28074030204525,18.171090986285652],[76.2817614138241,18.181128421747232],[76.29475971175884,18.198148772123865],[76.29574519237333,18.20583181106738],[76.29775183176334,18.212930674153718],[76.30201915370994,18.212471452176],[76.30172039614207,18.228831861784222],[76.29728808407405,18.231052481335766],[76.29181674684754,18.230820633426454],[76.28642118661547,18.23173919589267],[76.28296545665904,18.247560068625823],[76.28663522806599,18.247569039628814],[76.28885586575343,18.25185867378344],[76.29360932712245,18.257428063257795],[76.30687508514298,18.264522462214465],[76.31083480674553,18.268789854004385],[76.30771786345416,18.271166583153484],[76.31104439108061,18.27636144754774],[76.31584238592077,18.28087850019699],[76.31806297814464,18.292351729632724],[76.31907072760173,18.310598434698132],[76.31820566801608,18.328198505061927],[76.28486500126844,18.339961610511743],[76.28713020865152,18.355140323802594],[76.28925274517009,18.37841236315509],[76.28794173953067,18.385127784660412],[76.28185067456558,18.384169143677337],[76.27504158780573,18.379482552380306],[76.27010981195983,18.375059178567614],[76.26362628275226,18.367661480742196],[76.25893981618918,18.36386236527696],[76.25498005720205,18.365909078387983],[76.2487551576196,18.374412579795386],[76.24305649572806,18.37653062724755],[76.23686278073615,18.37657975891866],[76.23049072077406,18.377618650606955],[76.2166808580351,18.381721057708116],[76.20752634513433,18.387138847559275],[76.2012880175785,18.394598910964746],[76.20024904941397,18.39806811589937],[76.21163764553793,18.399548560115452],[76.21940540163318,18.41428145093681],[76.22203183634194,18.421902043156354],[76.22577745646042,18.42828303291076],[76.23288521854093,18.43267966463778],[76.2391190761392,18.433781084656857],[76.2567503262258,18.42637005136557],[76.26661839355008,18.42088088233335],[76.2713628361252,18.419400428663796],[76.26729614348724,18.43647880710133],[76.26319821416504,18.46325129395633],[76.26803637896361,18.46395133510051],[76.27213424841969,18.463670394571455],[76.27163037386774,18.467300157835606],[76.26957923749109,18.47260202018946],[76.25654525306761,18.48185017140155],[76.25502911625335,18.485479873500346],[76.25776702480618,18.489118527841995],[76.25866774506046,18.493069229376896],[76.25585852088226,18.4947102250881],[76.25621969878411,18.505148987217655],[76.25505148010322,18.518298904868498],[76.25773582212159,18.52550027707074],[76.26792934337679,18.531649440332995],[76.27451987109524,18.53790106306495],[76.2760448902442,18.544308822768173],[76.27661123311357,18.556468768751895],[76.26856254026816,18.561128523425445],[76.25911810291551,18.563268870082982],[76.25437366816563,18.565739249854488],[76.25406596445762,18.57637865158257],[76.23882477504526,18.574849210138122],[76.23454403127168,18.576200301162988],[76.22107755478247,18.575121167265316],[76.21637766581624,18.575491303732303],[76.21212812825733,18.577792178325897],[76.20259014316588,18.577399826994327],[76.19924128952177,18.57973188036581],[76.19895149967981,18.58238061915609],[76.18711707271913,18.584672628320032],[76.1768566652884,18.58510959628943],[76.17089925452778,18.58463247511812],[76.16648924862012,18.580182237400102],[76.16583823475509,18.576320655869377],[76.16780020061628,18.567768162622055],[76.16774668720423,18.56305927610496],[76.16615480832793,18.560531009164272],[76.1631939895241,18.558818759546753],[76.15901133476149,18.557650430142683],[76.15641162847041,18.568218486991512],[76.1561797763748,18.57496067194907],[76.1531297477637,18.581841021485044],[76.15143534629657,18.582719542106847],[76.14408222721309,18.583009376639637],[76.1289213519719,18.586130682958057],[76.11635559465408,18.584730550567013],[76.10341523785439,18.587370351454886],[76.09895171824814,18.587410482998894],[76.0766294602084,18.57556713629565],[76.07007010533147,18.575830205399466],[76.05840507031142,18.573038808521943],[76.05206873080732,18.574358682999122],[76.05016910889337,18.57574995487884],[76.04637890515988,18.581551218549286],[76.04358751058514,18.58769135289695],[76.0354005991763,18.593122625970533],[76.03343407804076,18.596850345046875],[76.0286539629925,18.60148789297282],[76.02107793718868,18.604109801565244],[76.01074175999652,18.60626804896395],[76.00699608124793,18.605148802867994],[76.00522584133842,18.60270071971203],[76.00714326075708,18.592966473757002],[76.00657694644681,18.588065990102177],[76.00051701718458,18.584971337644863],[75.99749824493406,18.587303457624905],[75.99117966167805,18.59005914818598],[75.98700593572022,18.595352158846524],[75.98940496886023,18.60114005391559],[75.9971147719379,18.6067897502695],[75.99880027397958,18.61033916046264],[75.99931304087498,18.613558612560706],[75.99726187336721,18.618419100814684],[75.99442148637634,18.6197612850894],[75.97228197898669,18.61409822507681],[75.9620974597458,18.60808729560589],[75.9586103838653,18.60687447043023],[75.95347794141412,18.60680757509336],[75.950445746552,18.60816759931741],[75.94632555212796,18.615779273477937],[75.94554972968699,18.619578450285015],[75.94663323979496,18.625232551392514],[75.94956292757756,18.62892027381268],[75.95043236920624,18.63418194538818],[75.950080128171,18.636647870290638],[75.94603575987094,18.642087963422032],[75.94198684475745,18.644959641767134],[75.93930693558352,18.645739971603764],[75.92983133368618,18.644959602975064],[75.92147051857427,18.647318503680015],[75.91921422350104,18.649240334540558],[75.9168910780455,18.650078693384042],[75.9045884091285,18.649971674082504],[75.89521087809425,18.647978421526176],[75.88639970350918,18.64826824272646],[75.88394280000169,18.64906204773951],[75.87992958833186,18.648821224795732],[75.87577816342174,18.65221014353474],[75.87223762024783,18.652259214266714],[75.86369396509551,18.649681849300073],[75.86148222120349,18.65017234300748],[75.85981900248923,18.651630416647727],[75.86110768399621,18.65930009754817],[75.85974320775865,18.661391390024907],[75.85385272500847,18.658831879213167],[75.84736471929405,18.65897013440798],[75.83859374187263,18.663099300539567],[75.83660051623735,18.66543136276584],[75.83283254206431,18.665997691495694],[75.8286588113184,18.664338889610278],[75.82640697454028,18.670380980610986],[75.81476426114136,18.671072162949574],[75.8121021555105,18.673511237481158],[75.80248836573081,18.673176815625464],[75.8000046448869,18.66588174552523],[75.79870707290905,18.657632358635276],[75.79749418586627,18.655643652252564],[75.79442627001652,18.656490839242224],[75.78399644245773,18.661841753694098],[75.78283709216487,18.668539371819257],[75.7775486292408,18.672699700066918],[75.77511397074585,18.66960956364534],[75.76877752671014,18.670488018907125],[75.76904506205192,18.672788847451404],[75.76452802992841,18.676061847950603],[75.75396889857612,18.68021774335584],[75.75060222946212,18.678590140563006],[75.74434614946087,18.677100843459982],[75.73937425456963,18.67669055260899],[75.73597636755586,18.67798815449188],[75.73216830013033,18.675219117855185],[75.72648746578584,18.67644085256035],[75.71951344435567,18.679450811043512],[75.71438540051656,18.680779600403007],[75.70973016936067,18.682670272334384],[75.70736677845386,18.686322274329502],[75.69901934784919,18.68860080703076],[75.69161284141566,18.690531666799604],[75.67434715742763,18.69030870973899],[75.67204177488132,18.687401345108213],[75.6720507401314,18.68378949768472],[75.6704766645398,18.676351659708683],[75.6685012568011,18.672298375227793],[75.66754700826574,18.66631874799539],[75.66887585312094,18.66250169066468],[75.66794388764893,18.64985129345779],[75.6669629163087,18.648130014819273],[75.66337780087109,18.647260503306413],[75.65511510849728,18.646827977434242],[75.6489258386623,18.648219251363688],[75.63965533671319,18.65367274524268],[75.62285792984932,18.661159584905143],[75.61664642714616,18.66870879742302],[75.61620492022604,18.67233847091876],[75.61313706754744,18.681640194858915],[75.61009152896204,18.68613048626667],[75.60338501183443,18.692457965625785],[75.5941769945972,18.695949424124418],[75.58914268316651,18.69700178881807],[75.59060528365883,18.68762881300087],[75.5789714885196,18.685541942676643],[75.55879844437355,18.684868608506925],[75.55417441586104,18.684119483003958],[75.550567001228,18.68226892311622],[75.54798960081547,18.6757720524378],[75.54659391960163,18.66964969569125],[75.54583583975844,18.66416048598795],[75.54612572824259,18.658769459371282],[75.55581538864878,18.655839868934013],[75.55599821136374,18.653079678547247],[75.55322910707085,18.64388050698269],[75.5500273961532,18.64157966044272],[75.54396749798616,18.64101779078176],[75.53965556316358,18.641651003191807],[75.53347973807357,18.64056738802434],[75.52780771420788,18.638418105804234],[75.51824737902795,18.628269198167242],[75.51161231685482,18.624911532792204],[75.50966810029554,18.621660847114985],[75.49855157142756,18.625522380532747],[75.49302672363663,18.62603965476681],[75.49048503128478,18.624001863609077],[75.48948625940422,18.61950264929198],[75.48401493655454,18.6121584694422],[75.47554710541381,18.607730571768712],[75.470008874928,18.606647003989906],[75.4679042083541,18.603860104483044],[75.46743594757883,18.599918261912293],[75.46479168674345,18.593639873865598],[75.45828145807457,18.594750138346406],[75.45466505601736,18.588601045069133],[75.44676355212204,18.56828095379384],[75.44164450586261,18.552179117153713],[75.43319900155052,18.547291928486494],[75.4291322878302,18.54281057188459],[75.42487385694241,18.53510967150693],[75.42141803351093,18.532920226260273],[75.41732014795855,18.53576963356731],[75.39650508374172,18.546101387502844],[75.38278883031118,18.550850257136673],[75.36514415261625,18.554881303245967],[75.34844038653445,18.56153872500415],[75.34591654288833,18.553262690451497],[75.33809530734814,18.53844061340224],[75.33815767100079,18.52475120352643],[75.31979959707377,18.520751348905307],[75.31709288030021,18.518379153094134],[75.31472067128847,18.515543170275194],[75.31391355486996,18.51114199356117],[75.31183563988412,18.508689471322718],[75.30383158287997,18.50303984289723],[75.3022931352895,18.498121410976832],[75.30261864072548,18.49457201395986],[75.30570886139579,18.484971580316117],[75.30481698566678,18.472766968738256],[75.3031939240715,18.464299174214815],[75.30310921117562,18.459782105972774],[75.301691153082,18.45559946884255],[75.30158419309957,18.451822547454142],[75.30262762815393,18.44727879264894],[75.30264097581897,18.44218201787334],[75.30651148283941,18.434169026466204],[75.30438443786711,18.429041048708175],[75.28824698213556,18.411449852764772],[75.28808643912978,18.40772206116415],[75.28927706978145,18.406500298959767],[75.29339726250221,18.404738932498713],[75.30155295934689,18.402130407875248],[75.30310921117562,18.400221902781006],[75.30391629537782,18.396770563852325],[75.30634206065754,18.3930783964855],[75.3094856837326,18.391901188359864],[75.3141722134104,18.393448538089768],[75.3193492075555,18.396262187860508],[75.32151190153071,18.39640932363855],[75.32556076486156,18.39521878692516],[75.33033648348737,18.38697390450634],[75.33677089664114,18.390229059173077],[75.34046306213122,18.38272879229779],[75.34236711426847,18.380468079358256],[75.34665677148824,18.379281953437204],[75.350050159065,18.37740914024988],[75.35520930513238,18.37241933018867],[75.36284776237254,18.36969931943417],[75.36514415261625,18.3658867448838],[75.36609847372316,18.35940322009796],[75.37032119944897,18.354319875852827],[75.37858388302035,18.349811729000987],[75.38269073191283,18.345459674127085],[75.38790791346638,18.33658162313066],[75.38970936562606,18.331052313881717],[75.39209054733935,18.328510565113447],[75.40130748022503,18.32938014675486],[75.40405431889718,18.328782639523936],[75.40875866122924,18.326370213123067],[75.41002500184358,18.323659109956804],[75.40680110773751,18.316760852279536],[75.39868108985125,18.311467950277223],[75.3966209591445,18.307592969735346],[75.39866775058167,18.304529603744943],[75.4028324802709,18.300578815590846],[75.40357269867698,18.297082884970376],[75.40268539655747,18.293421978217822],[75.40013924279357,18.28828950289527],[75.40122273284811,18.283009937022282],[75.40029975703405,18.27934013287681],[75.39937668666875,18.264741017352105],[75.43128159614935,18.26357273466354],[75.43450994655235,18.261191577718026],[75.43485330645824,18.25316069731626],[75.43105416603238,18.244487755469912],[75.42665299677205,18.240688631109613],[75.42735308832322,18.237264026376376],[75.43012221464451,18.233331108847345],[75.4309159118257,18.229250973596987],[75.43109870964369,18.224140910152574],[75.43003303792187,18.21906198954122],[75.4328021150371,18.214371032043978],[75.44098013102293,18.207637742201502],[75.43887541342936,18.20106061363846],[75.43689113406639,18.199192187211825],[75.43154912394401,18.184133840750878],[75.43103184976708,18.180178645569452],[75.43257024178764,18.177351516604265],[75.43643184510516,18.17494810212029],[75.44716484683642,18.174381786455754],[75.45516002518931,18.17101071106895],[75.46597337878747,18.16320278042308],[75.467529635406,18.160719060062476],[75.46969670562223,18.161379022467194],[75.46927760486298,18.167059945650294],[75.4702050470492,18.172027378954795],[75.47233652459396,18.174078516202822],[75.4768892341945,18.17534047669482],[75.47975201690687,18.1740473280399],[75.48333715084922,18.174230175664547],[75.4867616881203,18.17556792995215],[75.49317834040892,18.173489925917014],[75.4931873165436,18.155831893442276],[75.49507789178136,18.154150875115747],[75.50301959264934,18.158922048974226],[75.50697926538088,18.16013940498675],[75.51020767425193,18.158948859590744],[75.51364119205766,18.157022462411444],[75.51693645585908,18.153490884427658],[75.51777030136381,18.15055234333835],[75.5229205977588,18.14113922051149],[75.52670185846104,18.137598648517017],[75.5353391494868,18.13383073689636],[75.54321837782953,18.13883829899566],[75.54812783561678,18.140028852907346],[75.55277870408646,18.144331907517845],[75.55288122196704,18.149540145300435],[75.54891264437704,18.163068997094495],[75.55404507032907,18.17612971355911],[75.55548092376796,18.18666215880473],[75.55558797037914,18.19645882068344],[75.55647081325388,18.200579004318005],[75.55764804733951,18.202848676330543],[75.56170584422722,18.20435137201071],[75.56426088707744,18.207530736585547],[75.5708380781783,18.226312506585202],[75.57666611440561,18.239600585578852],[75.57997925122187,18.24253023704135],[75.58843811096102,18.245178887192985],[75.59863165351852,18.245049626302777],[75.60708606675108,18.243471093384805],[75.62032512621,18.245120930022544],[75.6268398767797,18.244010647440657],[75.63175382918922,18.24468837964498],[75.6345051194357,18.24735053087795],[75.63577149288142,18.256732428855944],[75.63519180187534,18.263911592524234],[75.62970713118283,18.26809872207029],[75.62531938873457,18.269998295372027],[75.62062836524426,18.273841987032764],[75.62343758090053,18.281079146990283],[75.6286012399777,18.286920574254292],[75.63162899128612,18.294790900100914],[75.63542371406831,18.30191210138116],[75.63549944947896,18.304551817325684],[75.64395839513656,18.313331789754113],[75.64521589734895,18.317608108671003],[75.65074961295186,18.325099412056257],[75.65329573880975,18.33006237200908],[75.65703690072162,18.332470297572232],[75.66616915111206,18.3299419643037],[75.6775354167708,18.32865776070847],[75.68508021484557,18.324662408592673],[75.68824170093764,18.323578795678802],[75.69117582148891,18.323779534748144],[75.69802944521507,18.326731460230725],[75.7002188657736,18.329558495219626],[75.70265798508721,18.335382075634914],[75.70522201572471,18.33820918299668],[75.70929764118301,18.33930165884678],[75.7183762906679,18.338320654490527],[75.7215512475153,18.337232566757333],[75.72228250703505,18.3402826027725],[75.72160919116043,18.342748474825076],[75.72370943295059,18.3482198237671],[75.73158420241909,18.356259580399087],[75.73324740622172,18.360081003389816],[75.73050508388287,18.36786220586314],[75.7306299255868,18.378630893947346],[75.72934122038271,18.38574765243843],[75.72869917044768,18.388628223310054],[75.72408397537448,18.390358352722366],[75.71964273235115,18.390710631026444],[75.71272215693465,18.392561136945186],[75.7101002221917,18.395620068064577],[75.71465294818339,18.39895991012846],[75.7158658247298,18.402562932706992],[75.71893373224394,18.406531529458878],[75.72010646445659,18.411111016555747],[75.72255004008059,18.415311495385836],[75.72708045724661,18.42939774506894],[75.7298139717422,18.433674073607225],[75.7430797472304,18.43532834990684],[75.74701714456552,18.434588132007335],[75.75295222586364,18.435720796960208],[75.76497840005149,18.439622448026675],[75.7672971140709,18.43793249011309],[75.77070836491284,18.431618401956236],[75.77059242842347,18.42352954968287],[75.77289774626588,18.41581981520683],[75.77525216763921,18.41141869676056],[75.78365309977607,18.40407899008722],[75.78672098067912,18.39479962671351],[75.79641503056256,18.391281348917403],[75.7999422098707,18.383665193094874],[75.8033891317661,18.382528186835398],[75.80795078546129,18.38314799406967],[75.81756456169019,18.382149153213874],[75.82562215724393,18.380138111153162],[75.83156612494362,18.37685168502726],[75.83487033008852,18.373471752753193],[75.84387772467215,18.366622534525575],[75.85251504084927,18.36408980400388],[75.85721048799503,18.363960475830872],[75.86760011289502,18.36471846790049],[75.87272815869979,18.367122007908687],[75.87686167971935,18.367050577671744],[75.88450012732012,18.365547929296653],[75.88791583624716,18.36308200021446],[75.88981536642963,18.358141296422446],[75.89705695746146,18.347131813961315],[75.90305889672352,18.33542222643697],[75.90535533028975,18.324390431076946],[75.90896726535973,18.318459805415284],[75.91234720034156,18.314651701474578],[75.91815743943867,18.310032092477087],[75.92095773145206,18.305100317345982],[75.92508691271543,18.30168910867683],[75.92508691271543,18.29928121302144],[75.92511810263504,18.29724337255075],[75.92526971035576,18.295232326886683],[75.92566658332682,18.29325253476203],[75.92626406154909,18.291290478374076],[75.92717821691005,18.28947116490826],[75.92803884837575,18.287718716911638],[75.92768212068555,18.285729997212847],[75.92755275572516,18.28372783734996],[75.92798533041949,18.281770302650166],[75.92855160961328,18.279821693559775],[75.92916254352798,18.277868635468398],[75.92974219729135,18.275919969241638],[75.93020595401806,18.273957968756005],[75.93047345075207,18.272013798656936],[75.93038874498494,18.270051765186647],[75.92996955700939,18.268098675976162],[75.92933638674563,18.266141141660984],[75.9286720244998,18.264179175727293],[75.92816369399232,18.262199319415323],[75.92798533041949,18.260112455049573],[75.92885481746688,18.258342167286646],[75.93017467662563,18.256759209431216],[75.93167740124626,18.255269841359038],[75.93327376269201,18.253878640190365],[75.93495037893226,18.25266130481841],[75.93678308899361,18.25160897488392],[75.9386381020621,18.250578890707416],[75.94039049403727,18.24942400500536],[75.9420760619566,18.248148667862544],[75.9436188814653,18.246739620733987],[75.94487640764775,18.245120970019155],[75.94603124155218,18.243368509549448],[75.94706575554926,18.24155816301831],[75.94796205646992,18.239689753907317],[75.94870676946036,18.237781312524202],[75.94905901395637,18.23578803326683],[75.94901445188731,18.2336922659345],[75.94872457661037,18.231681241342518],[75.94809140257495,18.229692473381995],[75.9471817248266,18.227819659101215],[75.94605356736109,18.226062776489524],[75.94481837776766,18.22435049556577],[75.94352523544629,18.222651523035935],[75.94225883743123,18.220939250483703],[75.94113072886144,18.2192091476589],[75.94022995426258,18.21742997795334],[75.93963696551846,18.215548194028102],[75.93950761159641,18.213510369799423],[75.93975728227838,18.211387873243243],[75.94027008922352,18.209300959726],[75.94090329866248,18.207361255462796],[75.94178617229927,18.205501848799145],[75.94287865980317,18.203718162471027],[75.9440781624523,18.20196134669257],[75.94534454399842,18.200302539864797],[75.94703457051709,18.19903164892524],[75.94856404640008,18.197698393140048],[75.94908133928183,18.19575871991171],[75.9493042379708,18.193640636054685],[75.94933994070871,18.19157164677947],[75.94912590132955,18.189529334061746],[75.9487691387718,18.18748263723447],[75.94850158840423,18.18544036775676],[75.94854172099201,18.183411482580613],[75.94896537158013,18.181382585095264],[75.94975464107316,18.179460686411414],[75.95060184502185,18.177552193897068],[75.9515382549975,18.175679413761785],[75.9526218072809,18.173931371182245],[75.95400859311175,18.172428687527844],[75.95588587912222,18.171300566749434],[75.95723702042277,18.169820143286113],[75.9582001391278,18.168009700756983],[75.95902062739728,18.166101211720196],[75.95973409924085,18.164139243777694],[75.96042524392868,18.16216828214624],[75.96106739772405,18.160188475844613],[75.96100051606916,18.1581819102042],[75.96034055629909,18.15625995722858],[75.95957358168188,18.154342569808648],[75.95877984975894,18.15242074365562],[75.95803076111736,18.150512235526325],[75.95759376135794,18.148492242406466],[75.95736635794191,18.146441086464876],[75.95643432783929,18.144688632137132],[75.95494055081363,18.143199283882243],[75.95359833485585,18.141611855156285],[75.95265307965686,18.13980142467103],[75.95176566790181,18.13792861212754],[75.95066873165675,18.13619851956728],[75.9492552463578,18.1346913009677],[75.94782385091038,18.133188603364434],[75.94650841064457,18.13156998634741],[75.94516620230695,18.129902266188825],[75.94391762690834,18.128198867976604],[75.9429455501323,18.126450870045836],[75.94249078386045,18.124609336207502],[75.94297230625497,18.122567061241064],[75.94377941735208,18.120631747085195],[75.94452858238785,18.118741133474646],[75.94529103265535,18.116850441425477],[75.94605356736109,18.11495091233113],[75.94686066067891,18.113082533268877],[75.9477078821656,18.111236485791057],[75.94861755649065,18.10944837506075],[75.94960748947175,18.107731629325677],[75.95067767940284,18.10608173542304],[75.95210461609369,18.104668211637577],[75.95385701651362,18.103531088991446],[75.95569417403922,18.102438667655456],[75.95733065725508,18.101234655976064],[75.95852569513463,18.099727520818952],[75.959390740264,18.0980107521725],[75.96009083379508,18.096151283705492],[75.96063926599369,18.094300780978603],[75.96084442922141,18.092419019133143],[75.96096924556257,18.090559632503812],[75.96224902739777,18.088878512524918],[75.96425562231218,18.0889097684541],[75.96633358515675,18.089159461737975],[75.96843826828261,18.08944930523489],[75.970565241524,18.08976137522157],[75.97271007497254,18.090100296792315],[75.97486825040771,18.09043920822514],[75.97702648097771,18.090778102281114],[75.9791891953411,18.091108108645177],[75.98134735892813,18.091438023222857],[75.98351452325478,18.091750185664292],[75.98561026694536,18.092062281409852],[75.98771492442378,18.09236997263523],[75.98982858384205,18.093168141528555],[75.99180396059499,18.09377013521442],[75.99337802455791,18.092851545637036],[75.99437685024787,18.090711216352492],[75.99500113479766,18.088646602994917],[75.9955049708567,18.08648840882696],[75.99598657584325,18.084272254300803],[75.99643691661915,18.0819803205642],[75.99698095466849,18.079652666504483],[75.9975962827795,18.077342822686138],[75.99906781632146,18.07522922308145],[75.99989275743597,18.073240412917684],[76.00048132756261,18.07152365582207],[75.99336907955343,18.069789134968207],[75.99182176223954,18.066779242344953],[75.99237024661764,18.06083970790903],[75.99488068857156,18.056920132301276],[75.99651272605351,18.05597032494933],[75.99855947657493,18.054530057832952],[76.00048132756261,18.05429819111241],[76.00186816815601,18.05420898149305],[76.00405759460047,18.048140151302597],[76.0124139021634,18.049196974794636],[76.01661883033447,18.03862892913388],[76.01422876857485,18.032979207246544],[76.00769620091049,18.02373102640772],[76.00396841708397,18.016039095267743],[76.0022650003883,18.002501278801603],[76.00045909903413,17.999072196149537],[75.99887165407885,17.99349836091316],[75.99703001806353,17.991567578734383],[75.99167465504878,17.990671262581696],[75.98618995211682,17.989101710102634],[75.9861319394239,17.98404946879005],[75.9843305225551,17.97402986779056],[75.97632638391137,17.969651034225556],[75.97205902841485,17.973659817827677],[75.96702026809253,17.976009749467067],[75.96164700786218,17.978711997352164],[75.95334417080164,17.978118928620454],[75.94129126760292,17.97394961169288],[75.927873864147,17.971951956467176],[75.91905374808366,17.9732005615486],[75.91359579108855,17.977409906124212],[75.9117452320808,17.984169859589766],[75.91082663400218,17.99141149884248],[75.91145988776772,17.997480366053495],[75.90889592792595,17.999348685571977],[75.90799069262555,18.003161250346874],[75.90074018128415,18.005743032916843],[75.89708815360196,18.00638065435622],[75.89177735428656,18.005729645298253],[75.88719792204024,18.007441946216822],[75.88400962976131,18.01023776788321],[75.87758851027395,18.012280072681403],[75.87056548650125,18.012360308943794],[75.86532602376279,18.011361464650527],[75.8583698534023,18.00888220614043],[75.85302781092649,18.005582545152357],[75.84937135802468,17.999500329398295],[75.84039959911725,17.97760165803789],[75.84749406917854,17.977369767734395],[75.84117103574707,17.957089786975732],[75.8391288163639,17.938022704983258],[75.83975308216569,17.928462350119098],[75.84398473574842,17.92909108072902],[75.84825208018093,17.92785146562602],[75.85125757608519,17.922821576007095],[75.85238569554542,17.918968926462217],[75.85101226986367,17.912320387791677],[75.84541169015031,17.90037005368288],[75.84626785590265,17.89096135564576],[75.85698753202098,17.87357079941039],[75.8589316253812,17.86286003208548],[75.86583883609357,17.854668651881706],[75.8770980773358,17.84500137015482],[75.88153930072485,17.845857489875485],[75.89013647242315,17.843708188481433],[75.90077137660855,17.837840021046787],[75.91129488405274,17.83376001086867],[75.92016404635949,17.831240566554193],[75.92629082085824,17.832328559482534],[75.93100853129255,17.846290059628437],[75.93300627130324,17.849540726221367],[75.9403369807995,17.850651012347182],[75.9434806716139,17.84457776971192],[75.94687846806403,17.84382858698602],[75.95285816602818,17.83643096169179],[75.96055457849397,17.829769064944095],[75.96890198523036,17.817640315637632],[75.9770220522371,17.818799689141027],[75.97776226998886,17.823829548833587],[75.97528748085439,17.83100871909083],[75.97543460537503,17.83705969305717],[75.97852471584523,17.841220042760593],[75.98404514919885,17.84090787096906],[76.0005259617286,17.83548120172501],[76.01125457129751,17.82959966588152],[76.01880828940718,17.82792296980288],[76.0168774833534,17.82192107294571],[76.01727878862151,17.813230292226645],[76.01114751069396,17.805047838731017],[76.0098409927443,17.801614323848277],[76.01261907756741,17.78606986493705],[76.00756239384627,17.783728831582085],[76.00492262239081,17.76810859778194],[76.00347337898373,17.752412545227408],[76.00663043424605,17.748921127478628],[76.00940849486578,17.749349205252944],[76.01574041592752,17.756943044052115],[76.0217958720193,17.76152253718614],[76.02789143842647,17.764710794551032],[76.05639851024743,17.764108820752497],[76.06964204489357,17.76866156850326],[76.08393788676564,17.774859742036764],[76.09652149106209,17.777419269406476],[76.10318780877677,17.77128797687678],[76.10350886418969,17.76635175936175],[76.10011995711113,17.76002429485654],[76.10295152991826,17.759930590139025],[76.10817753356494,17.762048722697177],[76.11265004327139,17.765861224579936],[76.11618163233996,17.767769747324316],[76.11651610698945,17.76455029093343],[76.11875007578548,17.761968456062792],[76.12078793098806,17.76393934413151],[76.12238423406599,17.767778641844032],[76.13125783792765,17.762869154110625],[76.13484300252219,17.757852661218507],[76.1391816668846,17.754651076143578],[76.14544674081837,17.752992297765772],[76.14523274027049,17.74291914979926],[76.14818015019021,17.73149493003625],[76.14994147069598,17.731494903409544],[76.16190528385695,17.731423580919998],[76.17611645876343,17.72973809232184],[76.17546982504211,17.725292341708716],[76.17344543733235,17.721430747289336],[76.16632870676845,17.712650753983336],[76.15998790352585,17.713341955093316],[76.1498166485828,17.716851244285394],[76.14494283489861,17.707322197598817],[76.1472616182431,17.703821788117086],[76.14955806917004,17.697650333781354],[76.16616816472676,17.69864030915434],[76.16628854916263,17.691478931890327],[76.17630821058513,17.686141407160033],[76.18964977324423,17.680991162176596],[76.20004397849071,17.687060011293134],[76.21192298697298,17.68849141457049],[76.21713126831258,17.688032080078294],[76.2197576589729,17.68914237654677],[76.22203183634194,17.694948115425714],[76.22563033559088,17.69659805072305],[76.23114619711804,17.696031747743778],[76.23924390416444,17.696499889374056],[76.24043895866158,17.703750445227598],[76.24709192371348,17.70482063770775],[76.25092232530417,17.7063500877511],[76.25638022198342,17.71537974076425],[76.2632918183774,17.71929929898512],[76.270974918705,17.72610835082806],[76.28189079769133,17.72755313357519],[76.28939095896706,17.72658097801035],[76.29866147240732,17.72762444564844],[76.3062597422695,17.718180108593327],[76.31153044521672,17.715312907305186],[76.31562830307101,17.714091046758764],[76.31864266031575,17.69559029578559],[76.32285206121745,17.69448882622077],[76.33909654827367,17.692500094197577],[76.35540793894796,17.694680606699343],[76.360870383278,17.685182719509342],[76.36882984580309,17.68263215634033],[76.37851499627078,17.68405011740527],[76.37906791991794,17.67795008417572],[76.37853283540248,17.66662839363085],[76.38051720294126,17.65803121380075],[76.40394531364593,17.655650095717753],[76.41131618854337,17.646932558989214],[76.4218663909222,17.644172362061738],[76.42872450699468,17.644413202223255],[76.43477552374695,17.644529109050712],[76.44275734212299,17.641871447665924],[76.4408487694585,17.64937168496095],[76.45153728202817,17.65151208102743],[76.45229978695565,17.655547495536897],[76.48929696234141,17.660671032623583],[76.48465054404069,17.669629364779592],[76.48442755907746,17.6844291203437],[76.48562710248594,17.692700763083657],[76.48636734777757,17.713520346205215],[76.49225774623469,17.714942749026203],[76.51095478553754,17.715919325553337],[76.52363648547795,17.715232582469085],[76.5248270209036,17.722906699280497],[76.5250411149885,17.7346698231238],[76.52369894122495,17.758891648069252],[76.52632082035747,17.759359841203075],[76.5315914990744,17.75853051295566],[76.53820885069462,17.758940668500593],[76.55977751792977,17.763141152314244],[76.56754520144025,17.76289149912753],[76.57330191929977,17.760002010428224],[76.5693645186652,17.756381211117684],[76.564588877249,17.753661174432132],[76.56810711051419,17.739797815207552],[76.56942695224373,17.703741527475447],[76.57322617236743,17.70216742042277],[76.57720807244455,17.70313947755159],[76.58702707179665,17.707888431316107],[76.59324746592186,17.717560253616075],[76.59879910925714,17.727972253206893],[76.60405632486129,17.755832676091288],[76.60690127772132,17.75958285972939],[76.60951431874429,17.765981591164415],[76.61445048514153,17.768313766176753],[76.62336868718276,17.757892852778195],[76.62695388041283,17.75596204440349],[76.62979876357541,17.741871298945313],[76.63065487798968,17.729002284650363],[76.63743721966131,17.72411071743939],[76.6508323201299,17.72082876633992],[76.65521117801612,17.716400896720423],[76.65812742470368,17.708530604431296],[76.65983530091853,17.699188763283324],[76.66313942670405,17.68786266667735],[76.67164740109371,17.689142443877778],[76.67814428740137,17.687340950752887],[76.68826201096586,17.678511876794236],[76.6905495273689,17.679952217793762]]],[[[74.9382387574787,20.270948562674327],[74.93907258948289,20.25873951811049],[74.93878727296898,20.25325039075811],[74.9375387063261,20.247899425229956],[74.93091692449067,20.24604889999394],[74.9118186398122,20.244581842173766],[74.91454308879474,20.216939884557075],[74.93476959948428,20.214897616829546],[74.93551425812058,20.18250222064144],[74.93026589860202,20.1791891562502],[74.92964162842604,20.17724941579437],[74.92785799892582,20.171840534555997],[74.93183998715622,20.169793841417917],[74.92874977151685,20.164977961797305],[74.93224126670624,20.16217769434214],[74.93319553922295,20.16037623490977],[74.93406507382525,20.158730809474303],[74.93390006864145,20.153691982382444],[74.92730507606387,20.154739904027366],[74.91436031253345,20.153812413756636],[74.91014641116914,20.166837462125635],[74.90508091524991,20.168068118245568],[74.90165628215547,20.170649941444232],[74.90252580621629,20.177980741401964],[74.87301552499942,20.17877887835209],[74.85972739310034,20.178221496042912],[74.86007522063252,20.187848772371336],[74.85949547792717,20.194559644590935],[74.86028473773501,20.203718695414253],[74.85694046321007,20.20971169229956],[74.86218876127916,20.22830171917981],[74.85735959434594,20.23086124712283],[74.84764765013196,20.232609140034118],[74.84002709450465,20.233162151465116],[74.83407420873573,20.23477182870922],[74.83605849802824,20.2408273455527],[74.83553230759205,20.24357853677353],[74.83249115114148,20.244251859274243],[74.8269128454115,20.24395761080008],[74.82335449462256,20.2453086941725],[74.82013059093627,20.24539791445749],[74.81315651284363,20.240778246865435],[74.80715901431795,20.23544074540801],[74.78769055838727,20.231610302532527],[74.78848435561873,20.22656266892597],[74.79364796261531,20.227200302595936],[74.80784569566303,20.23227922275115],[74.79419642410683,20.209479789900787],[74.78822127456598,20.2051099534292],[74.78618785025274,20.204958260888638],[74.78457817978547,20.205961607390485],[74.77997637030714,20.206461050076953],[74.77057657964795,20.204070976074288],[74.76390131577988,20.200650775823963],[74.76275526426376,20.19756958496932],[74.76803046473253,20.183920233882215],[74.76024483406592,20.184183328101298],[74.7456590958613,20.187059436482656],[74.74284989682926,20.190292273235585],[74.74331807016327,20.19419849465222],[74.74247530364623,20.195799331380524],[74.73472536840728,20.191059247667745],[74.72804117793959,20.191460558857088],[74.72712707083954,20.190042630991655],[74.72741694941918,20.18763915166362],[74.72170930387664,20.18000962828974],[74.71935490634147,20.1686211022908],[74.7218028968182,20.16470156675949],[74.72284634743285,20.161250164382416],[74.71956442163632,20.136149947405393],[74.71467727125268,20.13478095768538],[74.71511872994105,20.129831359244328],[74.71273753651072,20.128239499705042],[74.71156478953799,20.125381213712533],[74.71364725603344,20.12283950378609],[74.71214451034808,20.118558722203986],[74.70945568218515,20.1156514618275],[74.71113671834287,20.114202213677807],[74.73455150244463,20.112503284899187],[74.7423192154657,20.08334968383072],[74.73338319353041,20.080727740572456],[74.71499834035046,20.079412332865868],[74.71914530147886,20.070141875956548],[74.727064647753,20.055788006616222],[74.71452124663351,20.041282521268496],[74.71733047150288,20.03327401258024],[74.72216860538121,20.027561902545393],[74.72438918504166,20.02213963553921],[74.72225773276922,20.018269120588386],[74.71762027760848,20.017618104625594],[74.70514816286754,20.019218939762197],[74.69616756717444,20.007322049335425],[74.69519103143436,20.001551976226235],[74.69721099738703,19.99735147270737],[74.68958144678159,19.99016789316253],[74.69040643412023,19.98431748321791],[74.69288565948742,19.97773143445546],[74.69381763733895,19.972442964923243],[74.69172626259939,19.968518900021934],[74.68992480492713,19.96730157712559],[74.68641106778391,19.967631587781764],[74.6817156395665,19.965749783720508],[74.67954398802283,19.96407317216382],[74.67767120547555,19.947628019324647],[74.67827766233631,19.936012070465235],[74.68636202840764,19.93314932088763],[74.68628619153012,19.92585869234604],[74.66042339620999,19.923071755491634],[74.65754729607619,19.920298213001224],[74.65363219125405,19.910724499344262],[74.65447048617017,19.88722947589305],[74.65161224363848,19.874110818909365],[74.652602163012,19.862102436415505],[74.6677764254054,19.8619820901052],[74.66533730284799,19.83990058051683],[74.64924445471826,19.841737792788656],[74.6396796901034,19.844538121164767],[74.63736096805589,19.845911493387447],[74.61134206004786,19.850482087382897],[74.6089475304136,19.822412030869366],[74.60614724231559,19.802448618508034],[74.59671171882967,19.787782678043854],[74.59639963232974,19.780478672037766],[74.59810743209204,19.777272517502507],[74.60254875826668,19.77379886141428],[74.60668228093866,19.772398715099413],[74.6133174436889,19.77181901505966],[74.6201621666263,19.77306760733272],[74.62439829464068,19.777250243514516],[74.6254506532136,19.78150865790308],[74.62863002896724,19.786650017611116],[74.63226862216318,19.79028862058024],[74.63864957774521,19.794770076901095],[74.64070077202238,19.795126749227997],[74.65040378374101,19.790368938965464],[74.65467114743515,19.786146121390257],[74.65826960889119,19.780888866627873],[74.66101195754746,19.779252375339997],[74.6719367804834,19.778989278050084],[74.67823746420217,19.771560401573193],[74.6887119722401,19.769799129583628],[74.69631914273782,19.76933087216904],[74.69774610792287,19.761821798138275],[74.69975264572838,19.760220966566205],[74.70948685233083,19.761152920075457],[74.71180557352679,19.76312825864321],[74.71163168393727,19.76652166882617],[74.7074446151103,19.773040815114427],[74.70829184377865,19.776131026604467],[74.71734824391011,19.783100608072047],[74.72441151125216,19.778039507633004],[74.7267614623329,19.768630786473302],[74.7257225011493,19.763168381350653],[74.72583841788544,19.755810853806143],[74.72801894151269,19.753349458308765],[74.72685951764772,19.747771095804428],[74.72368019236404,19.743209462209496],[74.72077283576488,19.73572263113626],[74.71668834156455,19.73356887606569],[74.71459251605386,19.730438581119483],[74.71021367776605,19.726679590781036],[74.71102079151093,19.722608430428124],[74.71512766091617,19.72131973053497],[74.72239597836405,19.726541355999913],[74.72518292466157,19.725689655394056],[74.72717172253246,19.721569470840016],[74.72969997139148,19.72147582658357],[74.7342081456633,19.724258285376298],[74.73666958305729,19.715152767780022],[74.73425270617979,19.699960640421253],[74.75054186491988,19.696388923109282],[74.75253947060497,19.69296432386384],[74.75550922663695,19.69152847469728],[74.76657677449207,19.69712909099453],[74.7714460782153,19.700790018836514],[74.779356530888,19.70783986773771],[74.7853183390999,19.714559726841962],[74.78537190254617,19.715879616264818],[74.7915744333681,19.717409132816396],[74.8106906666926,19.703799940514614],[74.80774759850159,19.697980828792854],[74.80536647076839,19.695037791843543],[74.79416518041799,19.69054298744045],[74.79223439835432,19.6884026785777],[74.78631720527234,19.672492539051873],[74.7865356534457,19.665781631336262],[74.78468512859021,19.653059838167472],[74.79297461297507,19.650299629271593],[74.80404655296273,19.655828948616154],[74.80801966400817,19.66016762215595],[74.81521665256786,19.663841883845084],[74.82131221723468,19.67049047542401],[74.82882582122207,19.67312130222757],[74.83460031455931,19.667409180147622],[74.83555461895725,19.668671164766586],[74.84095013272658,19.66629887101583],[74.8465417976054,19.66080972967439],[74.84703234656074,19.657380718005058],[74.85014926613258,19.653429919294908],[74.85250806622214,19.65114240194267],[74.85687353776511,19.64871219973227],[74.86811047478378,19.649300779504905],[74.86872141682403,19.649340975902057],[74.8788836727814,19.65500840619544],[74.88189801112108,19.653527987364086],[74.89240364307572,19.657077481514904],[74.8941516169136,19.656520046558665],[74.89357645501678,19.650629606681523],[74.89524858521355,19.646701098691967],[74.90238316069582,19.64467222776344],[74.90618227073783,19.644449309152403],[74.90975399784217,19.6452698073849],[74.91287097721624,19.647280820882177],[74.92070562448443,19.650370954441016],[74.93107747301553,19.65022831191566],[74.93580412910919,19.648868227758843],[74.93843943409193,19.64454298039955],[74.94182387480188,19.64114952497308],[74.94551156589473,19.642340148029433],[74.94729518043164,19.645301003670998],[74.95266838043602,19.64712033083685],[74.97004103631151,19.64790959811349],[74.97360387234947,19.647209519634245],[74.98736020429581,19.63879963225448],[75.00347100266171,19.62252831657636],[75.0142352451758,19.623910675317763],[75.02606079960619,19.621988800513716],[75.03160787346785,19.622407989361836],[75.03835450904607,19.624717745743684],[75.04136437119911,19.624842657203484],[75.04514123677552,19.623018889167284],[75.04685797250372,19.62125309042188],[75.04622033759391,19.617409265420505],[75.0467063628679,19.613730580934227],[75.04798171540284,19.611269108455307],[75.06114945426951,19.60666289652735],[75.0650155067598,19.60413899141366],[75.0705581111757,19.604036490883825],[75.07309532525427,19.6058914841245],[75.07731816299751,19.60697943823048],[75.09545779379306,19.61023911160068],[75.0989626019298,19.60940077933364],[75.10235595943094,19.60544104839601],[75.10875480463211,19.601731135302256],[75.11701307510802,19.603822457932285],[75.12033949696544,19.60330962594142],[75.13315498365463,19.59278165546642],[75.13627636113064,19.592839647922837],[75.14586788563408,19.596250899934073],[75.14936828102813,19.59568010423111],[75.15564667199733,19.58974056905943],[75.15831772681791,19.58825126704109],[75.16124729334457,19.589281305897313],[75.16542102082194,19.59423088175134],[75.1694565042381,19.59555080904386],[75.17494121455918,19.596901905299546],[75.18253506423237,19.59747262037038],[75.19085571826105,19.596629911709957],[75.197272427837,19.593999023490454],[75.2067123302727,19.578762249893707],[75.20928964784373,19.579114582879388],[75.21129628616144,19.57251059428744],[75.20792967427164,19.564992558101892],[75.20955720704679,19.5625802383306],[75.21553687964575,19.557701960025522],[75.2230370555483,19.55343905496916],[75.22912375502642,19.546500717317244],[75.23168325284169,19.542710468805947],[75.23427404489692,19.540592336013383],[75.24289789654279,19.537506631925737],[75.24996111449649,19.53360945666943],[75.25388964376256,19.53098304436497],[75.2602394012057,19.524049077242466],[75.26431942595835,19.523201842462086],[75.26631716492813,19.524463790690152],[75.26860022543102,19.53003325118793],[75.27152985594721,19.548855092141974],[75.27350516241441,19.551668733708883],[75.27713040795417,19.552199417738535],[75.28135772139144,19.551280803692343],[75.2838904584502,19.549729094207688],[75.28569633980456,19.547040213674045],[75.28704753317498,19.540962515510305],[75.28717230193188,19.53620014264626],[75.27941348664483,19.513579097463968],[75.2993947005749,19.509351873003627],[75.30829512047279,19.50845117448383],[75.30834859813851,19.50128095017911],[75.31536726893339,19.499568644743924],[75.31696359803385,19.494739444108127],[75.32441917186068,19.494070600630806],[75.32923060265429,19.494833059734496],[75.33091611132114,19.49740149856906],[75.33036762241373,19.50417043146014],[75.33532174492575,19.5036576069156],[75.33294056553186,19.479904008563416],[75.34046306213122,19.479217313610736],[75.34501582724958,19.497361390735733],[75.35135666344897,19.497941095698238],[75.35827720503919,19.50132999178827],[75.36342744473465,19.493352687869717],[75.3653582505272,19.48590147858569],[75.36384657229894,19.48027855024592],[75.35218155148341,19.481701055155263],[75.34789196048504,19.474009072790505],[75.34379404803846,19.46413215017726],[75.32879803470428,19.463828948156443],[75.32717051131358,19.45463871541137],[75.33062180478433,19.442130928689103],[75.33447897268537,19.437591568560947],[75.33695816707181,19.43811776143318],[75.34773139092832,19.4467372357605],[75.3517089293472,19.448471823008603],[75.35515584383423,19.446010427572542],[75.35841988414403,19.44183217411154],[75.3593072669006,19.438260503530017],[75.35913781419703,19.430630959479803],[75.35681011096294,19.423920031783116],[75.35264536557294,19.416040791035172],[75.34655864981663,19.40954828067464],[75.3454840221254,19.406337736324403],[75.36850635343926,19.39799921029135],[75.3795916615055,19.404027982633444],[75.38284237084278,19.40701106166842],[75.38423361760735,19.40936106663737],[75.38656570387144,19.41080129077846],[75.39332572338407,19.41056942819101],[75.39807015009956,19.415278276279786],[75.40627939153812,19.41541204084442],[75.41011863646708,19.417931443896432],[75.41361908926136,19.41810980159864],[75.41718188117241,19.41815885761647],[75.42459289141352,19.416388554696567],[75.43237402054989,19.41662047154965],[75.44209488863757,19.42172164291933],[75.44616605306824,19.42804914912943],[75.44959063903043,19.427482841712003],[75.4494791603041,19.41897928847325],[75.45099522834178,19.413713130680158],[75.45491031842403,19.4123887137655],[75.45900824819607,19.414390852514344],[75.46411843633929,19.415367410364034],[75.47081596112238,19.41371311028026],[75.47486039301725,19.41474764991745],[75.47696060666635,19.415621572573528],[75.47997492929319,19.42204275406925],[75.4811165057046,19.421690425589258],[75.47943986790372,19.425480679121762],[75.48227584923029,19.43220054056485],[75.4890225098785,19.440231404645],[75.49385163788571,19.440628223195368],[75.50287687255715,19.43109917585223],[75.508424015876,19.43145139425612],[75.51107719108319,19.429101491381452],[75.51023886497921,19.424851956536273],[75.51384628179366,19.420843251533167],[75.5195762397429,19.416129918469714],[75.51970108362022,19.4090800695461],[75.52139113064105,19.403845136269762],[75.52488703237005,19.40125881850228],[75.5305857339701,19.399550998077316],[75.57372312388202,19.380189587970573],[75.57766048072762,19.381460450789568],[75.58975799318367,19.37893215952067],[75.60295696366884,19.383632018977284],[75.61145153278862,19.382022299010174],[75.6174312263915,19.4004918963086],[75.61913454065026,19.40932980069111],[75.61998627915611,19.425516330505182],[75.61396202323877,19.428668933253636],[75.6111929421072,19.430978732063505],[75.61290520887508,19.45397882930295],[75.61646359087364,19.457202743150606],[75.62092716385476,19.4685020647653],[75.62542638458454,19.464529029535637],[75.63117865054024,19.461322896776696],[75.63358207962204,19.46114901760873],[75.63629764327439,19.465050768783396],[75.63755956190737,19.47083868016604],[75.6442705521604,19.48685128693658],[75.64675872874938,19.499412559981597],[75.64556809191185,19.512379666796132],[75.64540313676227,19.528922926787406],[75.65228350818083,19.545840728370464],[75.65714396212678,19.555191465343913],[75.65853078194661,19.567422765002743],[75.6565419848295,19.577402278467517],[75.65595341002134,19.586240168213735],[75.65468703399777,19.58893792170534],[75.65474500434262,19.59283963435768],[75.65329573880975,19.595599857397065],[75.61753822799994,19.59883265625613],[75.61541567445602,19.60291273180283],[75.60238620123972,19.603033186720356],[75.60021911325131,19.60762604204397],[75.60148542758203,19.610890071602512],[75.59694612996445,19.620200691456088],[75.5939540760456,19.629778838387214],[75.59250483079063,19.638442919543362],[75.6019358595046,19.641430499637544],[75.6086958136014,19.642170726965272],[75.61190193415149,19.657019543080448],[75.63494657120084,19.656207921126054],[75.63720734804357,19.679569189204464],[75.63149074605866,19.702181300631167],[75.63445158044439,19.705222425523583],[75.63768892282356,19.735339133175756],[75.63121878348632,19.73858094820757],[75.63165127743453,19.746250600269942],[75.62935480962454,19.74677231835742],[75.62947973825798,19.752609259682533],[75.62950202473361,19.753483223930445],[75.6292879501202,19.776840044985423],[75.63992293316336,19.777089742777427],[75.63796984071277,19.783479607545537],[75.64676760677447,19.785829537912196],[75.64656696327522,19.79333864474528],[75.64279010870605,19.8018287753824],[75.63803669624976,19.814590783526093],[75.65394682257687,19.81603999735246],[75.65367925182497,19.825680520182573],[75.64897937235091,19.8363021563881],[75.64856912446143,19.851302547146272],[75.65158793956194,19.871751959251064],[75.64884114353274,19.874900125569482],[75.65141846356588,19.878177502203947],[75.65495904166436,19.91151826018201],[75.66368991634188,19.917078732382574],[75.66887585312094,19.921502132931856],[75.66783239580892,19.927900987183335],[75.66927272888103,19.940810070883554],[75.65212299946901,19.952198602707863],[75.64227285997853,19.956260836949664],[75.63871892285026,19.956180561263256],[75.64212121856956,19.961620669476062],[75.63922730567275,19.97012866436751],[75.6353210760987,19.983978595683517],[75.63764879165247,19.99583088576874],[75.63133918225843,20.001739194279757],[75.63932097363876,20.004062444848024],[75.63986051771133,20.00492305276077],[75.61458628694932,20.005640920396093],[75.60639046096762,20.0070009546279],[75.60279640088189,20.009721022945058],[75.6025155043897,20.015219111052264],[75.6001343899592,20.019419600870393],[75.59691486868864,20.021938937175488],[75.59514015872054,20.02447176402722],[75.59490383106703,20.029300906483186],[75.60436161415406,20.04809158043839],[75.60877165162871,20.05297431302069],[75.60771924009485,20.05548030574746],[75.60470493757052,20.05728180913111],[75.60167716326353,20.063667182700453],[75.59794497751517,20.06203076564349],[75.59570197934484,20.062458764337965],[75.59320041345381,20.06947300096094],[75.59097093151192,20.079719979815106],[75.59062304650969,20.085338448769974],[75.59079703352063,20.103188219924117],[75.60836582004303,20.104842523157714],[75.62217118956113,20.104949540210285],[75.62848083895368,20.106612852016596],[75.63080404624974,20.11063046955155],[75.63704682276447,20.12927841377627],[75.6365964099094,20.133242615931128],[75.63743472895868,20.13887885859708],[75.6388482827407,20.141527567850815],[75.6399630637102,20.14361894156357],[75.640845932953,20.147382344501267],[75.6446674061167,20.16092917463356],[75.64447119881444,20.1657583841426],[75.6459739091968,20.177570486684925],[75.64887230495404,20.18629246326585],[75.6499335648869,20.192628922702212],[75.66493846030617,20.190809589758008],[75.67560466376133,20.189511942869025],[75.67807055888055,20.1902923111179],[75.6803357264174,20.19233013328425],[75.68504453457037,20.202800073069373],[75.68525861609008,20.205618233359814],[75.6812989444839,20.216328978341004],[75.68123645799137,20.21871016838889],[75.68118293615893,20.221042286399012],[75.68268571165676,20.230562478870166],[75.68189194351064,20.234281304139536],[75.67836923992789,20.236247831107317],[75.67687991160159,20.238660201660974],[75.677200963047,20.24147836800775],[75.6804962927918,20.24825174127081],[75.68374699144191,20.259439610410126],[75.69064516534428,20.266529601355142],[75.69381558285951,20.27180019765063],[75.69725803711226,20.28161919622317],[75.69769503870914,20.28754979307949],[75.6941545246325,20.294372209466545],[75.693017437975,20.29653039030322],[75.6892093930374,20.300895869991624],[75.68541908826604,20.308231037766085],[75.68678362713597,20.310777185479182],[75.70622970673922,20.31512932892524],[75.70918165525774,20.317171539797275],[75.71290504988498,20.31846918392827],[75.7198121287329,20.333268960489455],[75.72722766214123,20.332493061517436],[75.73532982213167,20.33297910229134],[75.73618150116428,20.33765221820806],[75.7416216053237,20.339368995737342],[75.74581322445503,20.338379024422352],[75.74698591551966,20.33062914517636],[75.75137370746678,20.32924237392542],[75.75668451501407,20.329179941467537],[75.76426492157606,20.33385751301105],[75.76769398573245,20.337674521032426],[75.76788124419738,20.337870716808848],[75.7699280315851,20.339038993425817],[75.77416858688358,20.338222990036513],[75.77025801277605,20.354958007100382],[75.76698948011888,20.359648989390678],[75.76449680468728,20.360652255010883],[75.76169652938081,20.361780427554034],[75.76053717617665,20.37142096577983],[75.75538690547187,20.372410891512878],[75.75255531346603,20.374841100253253],[75.75185969390118,20.377512160771694],[75.75140937136831,20.379211022473807],[75.75168581066319,20.381257735525352],[75.75192214987005,20.383001266747932],[75.75518623492533,20.39291836824503],[75.75536907401555,20.395442161873937],[75.75549389416334,20.397172327602075],[75.75533332238253,20.400690524043963],[75.75332678099258,20.405261133303853],[75.7505799615788,20.407419311611132],[75.74117125075337,20.40967112735104],[75.73818366792815,20.415802465634915],[75.740096640148,20.420930439851414],[75.74373521868408,20.424867785529877],[75.74888546313292,20.42636155383945],[75.7515029668887,20.426040511699565],[75.76049699030209,20.428671369929294],[75.76354256868748,20.43725959007757],[75.76355596369613,20.440889349019237],[75.76628044699041,20.452242225409503],[75.76975408151729,20.455608783657553],[75.7744584650527,20.45761092345531],[75.77887743789287,20.45695994533437],[75.78337219855057,20.457298867049794],[75.79691452226213,20.455488403863427],[75.79965238333003,20.454520763081888],[75.79895229194649,20.462631903358442],[75.80026325327131,20.464830214392073],[75.81240091327948,20.467768788728776],[75.81611533610129,20.46722920322989],[75.81848314475964,20.472531113326227],[75.82038271921867,20.475019335107667],[75.82618849233836,20.475826397570895],[75.83155273631057,20.474261268126952],[75.8392180100267,20.466422144910165],[75.84101056025052,20.463100080994813],[75.84438157147925,20.46157957087601],[75.8497369720967,20.461468115169065],[75.853705561752,20.461392308804918],[75.8580398102173,20.46441110703238],[75.85993938748663,20.463461288273965],[75.8694907861985,20.44970947841597],[75.86975839832941,20.44769842762708],[75.86554896660347,20.44450117744595],[75.86573627377614,20.442722038003016],[75.8687594818331,20.44211115838938],[75.87061893764748,20.441741059236133],[75.87468116561439,20.441830232351204],[75.87882367044718,20.440430032355078],[75.8823909934465,20.44132184441856],[75.88458042907101,20.4453127563121],[75.88466516243626,20.447087487926556],[75.88920000724727,20.447751929474887],[75.89478281110803,20.448572338814316],[75.88604747906108,20.45214411374234],[75.87815038318418,20.455368077254068],[75.87697761830734,20.45672806895098],[75.87667890783766,20.457080365733148],[75.87539462289764,20.462787996335617],[75.8731918374094,20.46536976144583],[75.8703380308172,20.465392070374854],[75.86837601090514,20.46693050881145],[75.86721220661569,20.469039660546187],[75.86485336604953,20.47824769369416],[75.86327927682957,20.48144037799142],[75.86237410333013,20.48328642982675],[75.86004647508608,20.48349157006418],[75.85672884946095,20.482599766080806],[75.85220289204288,20.491807824313724],[75.853705561752,20.498121870960514],[75.85405786678687,20.50910908648623],[75.85721492051582,20.509251844904625],[75.8574289224539,20.511249472008615],[75.86089368761802,20.511780139245385],[75.86207536200531,20.512819140272306],[75.86310535206042,20.51944081404295],[75.86515653378164,20.524831875112614],[75.86357801561297,20.52546061126406],[75.8640818810223,20.5292374894115],[75.86839382823204,20.52889862364118],[75.87403905984294,20.53141801603385],[75.87660303350498,20.531529469630964],[75.87973786815554,20.52906809870385],[75.88757247872319,20.527601029232265],[75.88684117936212,20.532711148857672],[75.8797779317553,20.54096936525645],[75.87233574580262,20.553138266086865],[75.86756004584231,20.557802531087376],[75.86544197181284,20.563371894711956],[75.87066804531625,20.56146788636319],[75.87621515193388,20.5607499646351],[75.88873186095735,20.563028538315553],[75.88994024599349,20.564981648558042],[75.88909303037332,20.569730644088217],[75.88932931886973,20.5791883883639],[75.88777757157295,20.598491800129107],[75.8722064186118,20.60247825655544],[75.86958448152687,20.625241978662952],[75.85653709782731,20.626481533722167],[75.85634534593407,20.619971261537135],[75.84385094972576,20.620131782469546],[75.84126466114635,20.618209951592036],[75.83995815567549,20.610839021998473],[75.84123797436743,20.604681029983002],[75.84587989119832,20.597238805172356],[75.83448242290271,20.596940039079584],[75.83503090118741,20.58220271878507],[75.83016155292968,20.575991145923517],[75.8381255167906,20.57471143634444],[75.84957198487393,20.571621272163334],[75.84644171268481,20.56924453748325],[75.83854018998159,20.56528933369941],[75.82704911874495,20.562431041746013],[75.82115860944208,20.563318374980224],[75.81784991808448,20.566457634189458],[75.81162949798096,20.570038270896394],[75.80631868831993,20.571549944734123],[75.78986906242231,20.566988248377438],[75.78868740905061,20.569730614902],[75.79197824019823,20.578960901824885],[75.79035066119873,20.58824032068866],[75.78579793585857,20.588432088669283],[75.77303151015587,20.58090063120432],[75.76759144143871,20.580048917028943],[75.7605282164131,20.58159181794308],[75.75977461845801,20.588182399491],[75.76094737306998,20.602910799063267],[75.75943574204409,20.61587338145865],[75.75208263674516,20.617572250464953],[75.73419279305669,20.611762117148906],[75.73182048588873,20.612092028631885],[75.72519872358653,20.62219190044167],[75.70736677845386,20.617001527355953],[75.70398677487259,20.619387174835794],[75.70095910785956,20.624180655229992],[75.70043292489765,20.632969565483],[75.70323323639272,20.647011270328203],[75.70391994963057,20.65454274210308],[75.70672471962389,20.663242447850205],[75.70184196207599,20.666230009515555],[75.6906674424685,20.670038069706933],[75.6756581876479,20.671090432289436],[75.6703785782869,20.672191810432967],[75.66764065804998,20.671638860607754],[75.66158072711372,20.66772828036755],[75.65894100182169,20.663558968709058],[75.65725093467947,20.65419042326702],[75.66153616394794,20.655211560073184],[75.66348929612174,20.645120650111647],[75.66156741142815,20.64383194621638],[75.66372116336014,20.637080842522327],[75.66330642966267,20.63023166290592],[75.6609877340708,20.62831868962319],[75.65535142780922,20.628020004664165],[75.65379519329265,20.62491195838114],[75.6493539300642,20.6217013956411],[75.63430001971102,20.6213714117648],[75.62592131706779,20.62690966158966],[75.6160979176449,20.625821656529144],[75.6100692395355,20.62364112186513],[75.61205351805327,20.616818736779948],[75.61605778055697,20.61088814413974],[75.61270007891316,20.608609540682593],[75.60622990193256,20.606469149184704],[75.5915060351252,20.604297577562505],[75.586721384868,20.60523839055106],[75.58310055397546,20.60856935787568],[75.57939063550374,20.60745010154029],[75.57393710178079,20.610491265658574],[75.57241659954713,20.61219904732396],[75.5662095405962,20.61437067036742],[75.56018077448981,20.61510197401814],[75.55887430807978,20.612961608859624],[75.55885201090553,20.606919478675525],[75.55689890753543,20.60592955089192],[75.54514474261453,20.610571526567597],[75.54274573365821,20.612270401782485],[75.53806363202904,20.6112983171837],[75.53497354171381,20.598090517901095],[75.5271076478785,20.596801783372356],[75.52390155253008,20.59199045304813],[75.52688027443946,20.57793092891456],[75.52646551027142,20.571897730653344],[75.52751343618813,20.568691615170817],[75.52758922705024,20.56230174740512],[75.5200265657772,20.560139044602327],[75.51521970040709,20.556179424640977],[75.51007837928721,20.55595198071565],[75.50781316662487,20.55236239016696],[75.50773727682822,20.54908049172939],[75.5068588540635,20.546833106677557],[75.50414330865476,20.546503121860486],[75.50029064708404,20.54415761630872],[75.49947909873985,20.541678432357912],[75.49928287613868,20.533727833916338],[75.49716928998332,20.52934894770149],[75.4912252628736,20.532550603973785],[75.48867909611742,20.541673968080175],[75.48622211828669,20.544692770383833],[75.47487816971748,20.54426025486352],[75.47054397000488,20.54599922321437],[75.46981714687502,20.550529747099304],[75.46598671210329,20.554569645082047],[75.46248632046498,20.55453398914459],[75.46295904121814,20.538378705472887],[75.46496564334772,20.528849526034005],[75.46511275518833,20.523280165101987],[75.46417185914477,20.520511067084254],[75.46021220882706,20.517581423245268],[75.45347447424636,20.530624265648747],[75.4526049782321,20.541870127396766],[75.44087309109837,20.5396093861074],[75.43723448854631,20.534789105989375],[75.43224919276956,20.534619626323074],[75.43022028230554,20.533669832618358],[75.42893161658553,20.53065998855749],[75.43206639634637,20.52707930506394],[75.43409528196709,20.52117987460479],[75.43593690322678,20.51827254524549],[75.43586551126067,20.51482120974397],[75.42675115560037,20.516952696309534],[75.42137348704198,20.519418589150217],[75.41439046555199,20.52497009980823],[75.40846432733045,20.52362793001948],[75.39910020910358,20.525647963734496],[75.39763768863807,20.53453941979036],[75.39733888666068,20.567831056329393],[75.39589858172339,20.576040196342596],[75.39302246631931,20.581239573523423],[75.38787225061644,20.581110232146187],[75.37449488957178,20.577039078433483],[75.3720646907053,20.57850164781446],[75.3668965978747,20.58511002175832],[75.3658665873195,20.591129804521092],[75.36406058308503,20.5957092979917],[75.36437279279484,20.598478458356254],[75.36074747384943,20.592962475625487],[75.3549729544596,20.59116999126161],[75.3525160243863,20.591838781190884],[75.34530565810573,20.59133052885702],[75.33071103986717,20.593800855900835],[75.32327321070501,20.593131923806233],[75.31989319820632,20.588552490478232],[75.32005379697459,20.57825195919382],[75.31400279967876,20.57933106113953],[75.3092181192358,20.57932211339465],[75.30267220935066,20.578042362020625],[75.30002792583892,20.57645047144702],[75.29788753209546,20.571759524115585],[75.29498465393328,20.570751743722326],[75.2875914601402,20.56995803100345],[75.2766578216656,20.570738395075292],[75.26893016320183,20.572709260355563],[75.26213002750472,20.580499324880044],[75.25698867337694,20.571639100739194],[75.25435784901879,20.55677241480176],[75.2471474202444,20.553151618670256],[75.24907826322514,20.550141756486855],[75.24958208902714,20.544340469624004],[75.24590332187505,20.540782142437145],[75.24485994862756,20.540590363248786],[75.24529248515094,20.53526177541831],[75.24178319849084,20.52312857359045],[75.24019570580684,20.52351201469891],[75.23393958214184,20.521371667793336],[75.23076468730756,20.51815220266043],[75.22963654822435,20.515962759300454],[75.22894988569891,20.51013919638529],[75.2305060671313,20.502567590730607],[75.23343570556486,20.4945635445455],[75.23229868337174,20.493850051072442],[75.22791084994174,20.49495147010041],[75.22336709024741,20.497698242878993],[75.21402079257761,20.499829736717412],[75.21465401091008,20.49728809030487],[75.21539415725539,20.49431829278838],[75.21243337271575,20.49283789038363],[75.20922278023079,20.493288260190305],[75.20568231734299,20.493787686185893],[75.20454963362484,20.493319428472738],[75.20318516667146,20.486742266279027],[75.20294885018376,20.482251966530544],[75.20369795619223,20.47777950916334],[75.19153800705017,20.475598998477935],[75.18504554627091,20.477061527075456],[75.18136676936484,20.479090471099013],[75.17531579052445,20.47796232021213],[75.17038852219943,20.478189720796614],[75.16593384495151,20.47744055585646],[75.16514456891197,20.476629023070984],[75.16487256968291,20.46687249453209],[75.16456040233828,20.456331217636034],[75.16396296307717,20.450980242257668],[75.16528279492778,20.444090956186947],[75.16471207744797,20.44140217695505],[75.16400304181067,20.438031074658074],[75.15796546619107,20.43541800312131],[75.15132135347072,20.43493200970641],[75.14360716856221,20.436037828042316],[75.13746690451043,20.43301899605842],[75.13207139514607,20.43293878123654],[75.12996673216018,20.431489568251838],[75.12847743409336,20.43046843864698],[75.12757216063633,20.426031645231742],[75.123755202748,20.42609847564347],[75.12010768848542,20.419891447797458],[75.11699516793948,20.41623946140155],[75.11110475775509,20.413269635290508],[75.11077920900418,20.408431527840452],[75.11646454465287,20.397529000317473],[75.11902409960607,20.39561164925146],[75.12113772802552,20.387469344115978],[75.12519100477569,20.37649097264741],[75.12909718975598,20.3587125393733],[75.12812956097648,20.350757501285518],[75.12536498920713,20.34893817487621],[75.113798037711,20.348840073195408],[75.10711829864616,20.34661054700336],[75.10236932422445,20.344421164943626],[75.09995250575935,20.3401894210152],[75.09512330265756,20.3359890206895],[75.08463102574532,20.336751499877877],[75.07784428329214,20.337241955332537],[75.07219018137225,20.336412571154757],[75.06546137119814,20.33643044453934],[75.06234002660784,20.3353602062384],[75.06030217202893,20.33102153275337],[75.05979836359639,20.327900216398234],[75.05914286660887,20.323690744558352],[75.05964667710921,20.31985151023295],[75.06028880370258,20.31514271812158],[75.05941041308698,20.308619029306186],[75.05119228951357,20.30902030872462],[75.03627659443977,20.317737928072233],[75.02787561568586,20.324408672449753],[75.02235970215811,20.327431972327574],[75.01563093693768,20.3311330201979],[75.00309637816297,20.338178355483354],[74.99846788394947,20.337219708843755],[74.9950165090442,20.335052565919582],[74.99202887169848,20.331619063560293],[74.98851958212256,20.318709962207553],[74.98953183529406,20.311370276294035],[74.99059303144568,20.30366943549774],[74.97418356702696,20.305359392086473],[74.95686887566443,20.291072492460792],[74.94764745960319,20.28112868022833],[74.95226260297287,20.27443111922834],[74.94674669362,20.271764572197384],[74.9382387574787,20.270948562674327]]],[[[76.72561588900288,18.748700642239125],[76.71953374334628,18.74895030949166],[76.70810506795522,18.751969136215152],[76.70068951444287,18.756071489660204],[76.6961055574085,18.75315078508387],[76.68807920168747,18.75284762400272],[76.680521062164,18.75632124039175],[76.67460829421499,18.76076246882289],[76.67433180379226,18.767201459456547],[76.68139498439562,18.779209808191478],[76.67595487676897,18.78667875797597],[76.67457701505467,18.79490138495625],[76.66953823799575,18.805812765721544],[76.6722582826081,18.809910670595407],[76.66803553590142,18.81455259764464],[76.66604676767467,18.818588081283032],[76.65365490256272,18.819841130981544],[76.64685923677102,18.821468719996652],[76.64219506992029,18.841440968150987],[76.64231986590956,18.846198844034774],[76.63553760812779,18.84552998268007],[76.63115877791554,18.84806277182384],[76.62681558341417,18.85332895061865],[76.6231234652375,18.86053935911357],[76.62177235614189,18.868703918891008],[76.60766824311175,18.86767836874727],[76.59171353391876,18.869698282897733],[76.58703597705725,18.873831880546277],[76.58349542589677,18.882308696861003],[76.58560909953499,18.886981816107074],[76.58759339223634,18.91732151631212],[76.58286225165011,18.94456214209532],[76.577582650569,18.94669807883669],[76.56593106603454,18.94752305125419],[76.55211678654311,18.949913121551567],[76.53865922154651,18.949213021741965],[76.53428484210208,18.93228179298423],[76.53298272264682,18.9231718780021],[76.53586779661148,18.917000457728594],[76.52868859911595,18.916496622260315],[76.52189741601516,18.91698262908026],[76.51359015631024,18.921321376907077],[76.50959032134824,18.927051281916942],[76.5046139546494,18.9423103244023],[76.50023507023627,18.950849496352017],[76.48683995896663,18.953529459269642],[76.47801986483991,18.956262864907973],[76.47918814057563,18.974331103648705],[76.4782027092013,18.975031230709543],[76.4745863670796,18.974148349275282],[76.47115286691563,18.976248543427957],[76.47032790264527,18.981652973863316],[76.47281610535427,18.98357039618875],[76.47268682059028,18.985211348730633],[76.47257977447346,18.986852265476507],[76.47660184160888,18.988742924498542],[76.47821162197489,18.990499822481933],[76.47812690647844,19.000559568342986],[76.47338239758103,19.002468039236625],[76.46301948633291,19.004920522942147],[76.45951904632848,19.006708705694734],[76.45894828088083,19.009027415608614],[76.45556829559118,19.0075380688972],[76.45533193340822,19.019711377417323],[76.4530890309079,19.022569656609303],[76.4501861395358,19.02300225704619],[76.44889747478841,19.02318062485885],[76.44729668830873,19.02677910966453],[76.448629942861,19.033351828043998],[76.4463201071175,19.035117552857493],[76.44349747807343,19.03546095387265],[76.44143744466932,19.038149796966614],[76.44071945298619,19.04079844992781],[76.44050548469899,19.044419276741554],[76.44700682169666,19.050251767536132],[76.45105571625407,19.050969669205507],[76.43692031624744,19.06608161665658],[76.43508766267117,19.071450315993033],[76.43522590042947,19.074727824084924],[76.43797270557403,19.084198947568698],[76.43840073836564,19.088149714045375],[76.43778097750062,19.092631117341142],[76.43718787216308,19.0940714088858],[76.43651452353467,19.095649875579454],[76.43193057615255,19.098633046134474],[76.42877358998271,19.099141344860172],[76.42394880313266,19.096599719766076],[76.41895459555954,19.09148066296527],[76.41114225613532,19.092501724284972],[76.39956649200852,19.106280351675988],[76.3963781744168,19.108639257814836],[76.39354669846935,19.111970236165703],[76.39229368069708,19.115559786820032],[76.38997490405504,19.12330081937091],[76.38642102732186,19.125780055748166],[76.38321490574583,19.12923142323182],[76.37773916832994,19.131122066283734],[76.37201812417243,19.128080947647074],[76.36788005955799,19.123822526553123],[76.36170866706532,19.114230949874877],[76.35983141980931,19.10978972830473],[76.35473461283614,19.102650675446263],[76.34953090436031,19.10076000335766],[76.3425657480387,19.09963183151026],[76.33685369299806,19.100381020898883],[76.3273691289387,19.104131065979235],[76.324278989911,19.107109753322035],[76.32057350232486,19.114190822431922],[76.32289217198529,19.11897098297805],[76.32942034709954,19.1222796771981],[76.3336564388831,19.135692644076133],[76.33599307808448,19.138100533097067],[76.3525987251615,19.145119140168195],[76.35890391520925,19.149698691326922],[76.36039767048679,19.152249271496952],[76.36077675942909,19.15619999260007],[76.3562640995451,19.161640122826366],[76.35431549364348,19.167080202095825],[76.35758847446168,19.177001754055535],[76.35672790609007,19.182009311425162],[76.35259430866722,19.188760386034293],[76.35230440965958,19.191819313537483],[76.35220185839589,19.192840497239185],[76.35864971368747,19.201611518176282],[76.36408985506993,19.211310024600735],[76.36573078303407,19.224071991161324],[76.36461598937028,19.234140674788435],[76.36299288878031,19.23727095510155],[76.35655398986741,19.243379874781333],[76.34636487330309,19.24955577198818],[76.33909654827367,19.250269252072265],[76.33191740485917,19.249899118544036],[76.31204768756821,19.261140469546817],[76.30710703084927,19.261350055508085],[76.3043690737642,19.260739217802755],[76.30001699686818,19.259780485899583],[76.29702943446134,19.261430377941252],[76.29109882427899,19.262531728222616],[76.27999121075018,19.26114053022313],[76.27529126516511,19.259031355890528],[76.26885235677304,19.25614185876585],[76.26391610995277,19.251348305208047],[76.2585518627452,19.2427422605734],[76.25567572171005,19.240209476585616],[76.25115419143124,19.239839406664455],[76.24246340161052,19.24249258803682],[76.22635709697411,19.241703248180173],[76.22499711279998,19.243152484284632],[76.22495255191046,19.244302916613208],[76.2249079025917,19.245110053544042],[76.22712859143958,19.248820038226718],[76.22852427256439,19.251129807561636],[76.22831915626675,19.25545071733225],[76.21514251962402,19.260048055766376],[76.2147054542989,19.263044544288327],[76.20968453926042,19.274910178097034],[76.20944818035599,19.27623013280032],[76.20915390277194,19.2778398530498],[76.20432917971713,19.281201973166944],[76.198920283343,19.284961006406032],[76.1952816293741,19.286700086829878],[76.18509710436093,19.289362142043963],[76.17981745092226,19.28843019291828],[76.17207200642632,19.283569825442537],[76.16705109937796,19.282410459441625],[76.16355957316402,19.283382462534934],[76.1612944070888,19.287779171345697],[76.159751546223,19.295560301923242],[76.1582711192636,19.297549077725254],[76.15294698625397,19.29586802852356],[76.14222723111223,19.291007563019384],[76.13804463876907,19.292470131492195],[76.13484300252219,19.294650679907576],[76.12946530873191,19.30055006372098],[76.12814540469124,19.30389881472265],[76.12531391171596,19.304291272378496],[76.12175105937995,19.301718317148126],[76.11768879695374,19.296920339696616],[76.11593643889525,19.29671964462558],[76.10781188971329,19.307091501026893],[76.1015022554978,19.3085228796599],[76.09845675577121,19.307269885372612],[76.09588828505922,19.298409649839044],[76.09580359187497,19.29609983463378],[76.09575005017975,19.294338558496467],[76.09200438053075,19.28459089908161],[76.0837862753647,19.279989156874496],[76.07750784084217,19.279752831906354],[76.07514007706038,19.280149682096145],[76.07274554137231,19.28054202713357],[76.06569127445823,19.283262068727463],[76.05481551405185,19.285112637004197],[76.05101189340122,19.284323348818198],[76.03962784749515,19.286289828598743],[76.03193590499866,19.29021828659849],[76.02844438426071,19.297410880452045],[76.02726721348996,19.301548864793816],[76.02691490146243,19.31241122414268],[76.02551476439416,19.32147664839982],[76.02313362224695,19.326510952459767],[76.02355279549062,19.3292488667476],[76.02535866146991,19.3332396890156],[76.02561729815322,19.33724847851921],[76.02378912222,19.339290699871192],[76.01982942300077,19.339821389071346],[76.0162442651952,19.33879128592921],[76.01315410841741,19.336789163449527],[76.00049027210893,19.323750726944894],[75.98391583643624,19.312562845689996],[75.97141249631265,19.299729564105125],[75.95556483497138,19.294681881330977],[75.9466645135107,19.29351358937831],[75.93885658743986,19.292817945705902],[75.93431723117389,19.294039721290737],[75.9211138627908,19.301129736860968],[75.9078390662506,19.31958148874678],[75.90551590997114,19.330698030036586],[75.90717469089633,19.34360264257104],[75.91021579751687,19.352012565905763],[75.91702931411774,19.362290803233282],[75.91609285067962,19.36558158336435],[75.92286620805794,19.374138553907354],[75.92359306693949,19.376778417986284],[75.92246941577409,19.384613052754453],[75.91867918658068,19.38832298832774],[75.91066614900251,19.389741023854366],[75.90487819841096,19.388162430742526],[75.90022297597775,19.38558065292754],[75.8954606275487,19.3811706087317],[75.88804514904734,19.378909832420224],[75.88260504591365,19.381130437449325],[75.8746411005688,19.38117950633749],[75.86844736884267,19.37573050267918],[75.85312594980132,19.37235937299716],[75.84057798479029,19.371119768788763],[75.83690817755105,19.37223905406885],[75.81844306383802,19.38401999955018],[75.81228501059216,19.388768902231657],[75.79754766450438,19.397178770959805],[75.78470547663679,19.397339283381225],[75.77308508663916,19.395778642752404],[75.76698948011888,19.394079720830735],[75.75927073910287,19.389852456155705],[75.76287813920595,19.381741384413832],[75.76315464514616,19.37218996166431],[75.75990395903555,19.369108739557202],[75.75560984284601,19.359178265448985],[75.7524572828549,19.357809348039495],[75.7407297670496,19.35871901187807],[75.71383699280632,19.357840616047287],[75.70607813200003,19.35883048017744],[75.70250640660909,19.36073895472786],[75.68937882502688,19.35584287163012],[75.68289083207257,19.356779325185357],[75.67999240313765,19.358732406729615],[75.67788771074483,19.364827996529087],[75.67542181252425,19.367249308764563],[75.65717521054864,19.366308366743066],[75.65180198151565,19.369260339441986],[75.64306657766632,19.381563018525018],[75.6303537029656,19.375030445862443],[75.62372749436051,19.374419525682285],[75.61685155159053,19.379021318249734],[75.613244072288,19.382708968510467],[75.61145153278862,19.382022299010174],[75.60295696366884,19.383632018977284],[75.58975799318367,19.37893215952067],[75.57766048072762,19.381460450789568],[75.57372312388202,19.380189587970573],[75.5305857339701,19.399550998077316],[75.52488703237005,19.40125881850228],[75.52139113064105,19.403845136269762],[75.51970108362022,19.4090800695461],[75.5195762397429,19.416129918469714],[75.51384628179366,19.420843251533167],[75.51023886497921,19.424851956536273],[75.51107719108319,19.429101491381452],[75.508424015876,19.43145139425612],[75.50287687255715,19.43109917585223],[75.49385163788571,19.440628223195368],[75.4890225098785,19.440231404645],[75.48227584923029,19.43220054056485],[75.47943986790372,19.425480679121762],[75.4811165057046,19.421690425589258],[75.48551314669552,19.42008068985814],[75.48877721441538,19.415260432734634],[75.49141705237862,19.416816605044094],[75.49282160527305,19.41303088436832],[75.48940147280271,19.387092289697854],[75.48914284670855,19.382891770171017],[75.4907971572379,19.37956084065288],[75.49402556072435,19.377888688270684],[75.4994879856269,19.377442773000208],[75.50800928914055,19.379070385574867],[75.51927297087018,19.384510448213153],[75.52588583364687,19.379681233125673],[75.53330133002027,19.377960054340587],[75.53729227048349,19.375498626050973],[75.52968505564773,19.3513927192862],[75.52117707685147,19.33020755322195],[75.54601423273886,19.326252308611206],[75.54350827143205,19.30896881556659],[75.5366500880597,19.30272158907214],[75.53070612609132,19.29910979136407],[75.52858809902145,19.296750861028364],[75.52224725386387,19.281251023804625],[75.51930869140824,19.277019398257906],[75.49973326350097,19.26542121125764],[75.49691058846612,19.260877389335302],[75.49468108003754,19.259789381393205],[75.49185404357978,19.261171714110787],[75.48787646113706,19.258870852105474],[75.48153566222014,19.256810767573985],[75.47799510371817,19.25256123156564],[75.4722830158122,19.253132002310778],[75.46620973385694,19.252730647375266],[75.46186657223507,19.248369631322447],[75.45862031907282,19.23809137499405],[75.44760187814319,19.217427919723598],[75.43147328444125,19.21976001976722],[75.42665744237256,19.219077763895182],[75.41986183350782,19.213851704086608],[75.4163123535773,19.207203243260167],[75.40994479436121,19.202940351866207],[75.40751009467209,19.19939084147308],[75.40730494853696,19.197691966349502],[75.40682342758252,19.194039926340363],[75.40808089209959,19.190200669335468],[75.42529299252196,19.17924911391361],[75.43051910821215,19.171561629962387],[75.4509907834596,19.170429045736917],[75.45652011527147,19.145788067591734],[75.4565825191092,19.142408032392034],[75.45314902499304,19.140459403580987],[75.43779628306748,19.139821786226598],[75.4306795901937,19.137868674192358],[75.42954252054969,19.136829714921518],[75.43013110564088,19.132932472895305],[75.43602607645695,19.116799383966296],[75.43868817979832,19.115599894257137],[75.44940777476049,19.12307334175876],[75.45092837729982,19.125142394399873],[75.45587349620186,19.12605204219276],[75.48718082881841,19.12611896362483],[75.487296812201,19.121931832988857],[75.4862801547994,19.116068145011987],[75.48880840962161,19.111769581211526],[75.48927215981156,19.10396168649283],[75.47548462058221,19.093678946856507],[75.45910638592724,19.08461808199772],[75.45213231378577,19.083579121267217],[75.45067421861225,19.085478668480352],[75.44995183309204,19.091841783679175],[75.42320165977384,19.084488792461915],[75.41248198006684,19.078968414211985],[75.409971559834,19.078567036835075],[75.40123171447163,19.079539190721746],[75.39582281326555,19.078330760304034],[75.38672623247922,19.078147886262727],[75.38445213548658,19.080270425201867],[75.37317506417317,19.082557944510196],[75.3712977242293,19.089438389627606],[75.38249898182333,19.101571580565583],[75.39135036178517,19.113281137854244],[75.39201922359723,19.116950999545107],[75.39881039177692,19.124709890812728],[75.4079649365416,19.123398892644595],[75.40965490887082,19.12499970094759],[75.41233037078949,19.13063150221048],[75.41285660104866,19.134310340506143],[75.40870512984976,19.139870839049824],[75.40177123339441,19.139059272658685],[75.37600655098194,19.12762168476034],[75.37101683724435,19.127902582374826],[75.3646313659931,19.13037287759166],[75.36197819021908,19.125481285888007],[75.35738981628735,19.12553921623501],[75.3552316325575,19.126738739517087],[75.35655152449525,19.14395980106503],[75.35450923639998,19.147701012406042],[75.34073057207958,19.15359142294455],[75.33489809075998,19.15042995880913],[75.33339091509777,19.14536887845799],[75.33403752294345,19.135211049313696],[75.33698049716489,19.12959257243729],[75.34234478496208,19.12367977223149],[75.35202997096901,19.122368841336176],[75.3539117291987,19.12059853922297],[75.3550041773207,19.113990196083385],[75.36438613507586,19.108099663198704],[75.36731580483895,19.099489164907816],[75.36686093009543,19.08938933915041],[75.36801136742314,19.08134957386787],[75.36699025911071,19.076529227641736],[75.36332488639235,19.076408837793643],[75.33814877461822,19.08150116530003],[75.3230993583961,19.093589770833777],[75.31791786408948,19.094040158632534],[75.31076993344152,19.093629939139554],[75.29966673147774,19.08477864606668],[75.29268827932948,19.08265164090799],[75.28642324290657,19.083507777973384],[75.28632953240283,19.078910439437447],[75.29451648283982,19.075708774851428],[75.29683525509898,19.068881951551866],[75.29672375336014,19.06257227841529],[75.29197030484248,19.04959181754948],[75.29039178149209,19.04194894107931],[75.29007523835907,19.032379694636205],[75.31062276090944,19.031358533994414],[75.32012960309378,19.02908000113258],[75.33300746859344,19.03230832159149],[75.34957744137199,19.023140424752153],[75.3487035235893,19.000889580515963],[75.3477492715355,18.997389161143506],[75.34410167328609,18.991819682125033],[75.3442666946718,18.989866638096288],[75.34178299277357,18.9887518364411],[75.33397506864496,18.988149852527876],[75.3240669320728,18.980738859124312],[75.31707953389096,18.978589538819815],[75.30062101599667,18.977960818675943],[75.29580512901701,18.978469211306834],[75.2917875180417,18.97964638985639],[75.28817116029336,18.984279419997335],[75.28452365846479,18.985639448998732],[75.28074675765126,18.98807854204407],[75.27604692831953,18.992649107977577],[75.27394660800488,19.00081819894369],[75.27327776404229,19.003649690846032],[75.27488752370985,19.014159824302727],[75.2739243577533,19.015988023787344],[75.26609865653171,19.021722466219103],[75.26420798972558,19.02532989209866],[75.26402071970946,19.026939632463268],[75.26595144133206,19.02722945512814],[75.27112400450518,19.032058628957838],[75.27329120325089,19.053239359025905],[75.27120873498201,19.056160110099302],[75.26851549352405,19.06259013356114],[75.26634831681287,19.069992214108385],[75.26326709801342,19.070620934395777],[75.24946619143464,19.066349130088607],[75.2480705176937,19.06526113459042],[75.24532364126475,19.066572111804682],[75.24455221404662,19.06518981266613],[75.24527014176263,19.0636424981299],[75.24298709340559,19.061979214617864],[75.23774762549698,19.062202134161943],[75.22946713079756,19.06603256134594],[75.23134442226362,19.07756819555291],[75.23284707594705,19.08176426339089],[75.22962764557911,19.095181697231382],[75.22860650878576,19.09777243863021],[75.22638589148376,19.099252859815646],[75.22619412438462,19.108897893328695],[75.22545839177981,19.110574496498845],[75.22139167924092,19.11135037953831],[75.2188588999992,19.108826497351348],[75.20929864068962,19.102730972230894],[75.20770226886559,19.10025166263777],[75.20210161612896,19.096742332152218],[75.19657235500276,19.09552951338801],[75.19320124046968,19.093050261067418],[75.19284006439783,19.09029901050113],[75.19349554136119,19.08856880231583],[75.19724117306225,19.083588021898123],[75.19790562507572,19.081461056777798],[75.19845404963624,19.07744781765584],[75.19774062539553,19.074638628344562],[75.19941723842953,19.07131655719018],[75.2001485527184,19.065631198139755],[75.191404256598,19.052748865807683],[75.19201067417674,19.0502919112489],[75.20116969788148,19.044981087765947],[75.20928074403541,19.037641415650437],[75.21175998983077,19.034092005861552],[75.21286591039316,19.023069099104234],[75.21188936005933,19.02169126137797],[75.20971774234833,19.02054083543606],[75.18901863511746,19.013450834654638],[75.18438558130079,19.012969254529953],[75.17986851796566,19.015261245554367],[75.17649748900791,19.018360307039686],[75.17379076381178,19.023122627156503],[75.17170838909823,19.03608079930189],[75.16384254868741,19.03691908227818],[75.15392104795869,19.040410505877453],[75.15110731565619,19.040401662037507],[75.14904726475073,19.039300199492082],[75.14832934029715,19.036379489025293],[75.10408161225428,19.044419299438314],[75.09619351142739,19.048419112907336],[75.079115109713,19.05344006376273],[75.07504399159724,19.05785903505148],[75.07554784099167,19.061399529905835],[75.07705501308561,19.06432913028658],[75.07956547939371,19.066750472420154],[75.09259944899117,19.06810155754222],[75.09345119282784,19.069131626262287],[75.08844803461105,19.073488182229084],[75.08566111746961,19.077273971223697],[75.08442144225258,19.080698538569557],[75.086454800375,19.082031784668892],[75.09581892581302,19.082219048044163],[75.10040290550293,19.079708619342302],[75.10170936937618,19.08229937376451],[75.10120996874973,19.083101974949237],[75.10449190643756,19.102681917139982],[75.10550859392072,19.104291648671136],[75.10996319593573,19.10688239349899],[75.11361522042132,19.111831967043287],[75.11473002842007,19.120781385259342],[75.1132495852088,19.124107911914038],[75.10180755643309,19.125111172179206],[75.09844091745438,19.12631068693692],[75.09658146143903,19.125860336343],[75.09424038167593,19.121066793361276],[75.08245943509425,19.120067916779746],[75.07958784635494,19.115247675799083],[75.08117526879589,19.107671657670334],[75.07743855416003,19.104211376145926],[75.07438846813935,19.105009540330514],[75.07137414836262,19.104148912410547],[75.06424854215098,19.099310778496374],[75.05774710804477,19.099119030462226],[75.0569668290425,19.10146905059577],[75.0577917589609,19.103422068953027],[75.05729676587144,19.10635175633209],[75.05322116941804,19.10443879578],[75.04944431628596,19.10156261935382],[75.0429473605828,19.102579312557985],[75.04028532678858,19.108420719209917],[75.03656637386953,19.108300320372688],[75.03159895965253,19.10397952757997],[75.02992235132004,19.105129913723054],[75.0310906039447,19.111488600390665],[75.0304262537891,19.112991310924595],[75.0291687677069,19.113557669089577],[75.02754116121679,19.112121768009153],[75.02423695964744,19.106770918456846],[75.0205314521058,19.10544657286042],[75.01457855295287,19.104617100001708],[75.00850080048734,19.110619093747278],[75.00649872476369,19.111831992115707],[75.00364485238312,19.111684800731425],[74.99556946865387,19.111600117519096],[74.99220282291355,19.112741617452343],[74.98766344619669,19.1161795725149],[74.98432802147947,19.117628782265616],[74.98430573039623,19.111479722121615],[74.97975748264884,19.11275942792262],[74.96465450009396,19.119858357239405],[74.96170259698697,19.12157955720598],[74.96082857295357,19.12376008386817],[74.95831366537648,19.125940599587913],[74.95294038454173,19.12949892181056],[74.95066186788334,19.12969069747161],[74.946251805314,19.13018114481035],[74.94628302015525,19.12664958542791],[74.9402765500974,19.116411448270583],[74.93736478564696,19.108122011668858],[74.929427561806,19.100630698859852],[74.92566859537001,19.088323626942127],[74.92312692019847,19.065212092082408],[74.92265863040413,19.05286931513555],[74.92031760728183,19.040218760388726],[74.9288122079029,19.03357916235693],[74.93950069709973,19.035064110249085],[74.95007326000777,19.03538070060393],[74.95620894645178,19.033168985840415],[74.95279769392012,19.01771821533594],[74.95288687557331,19.00584802629089],[74.95923666176277,19.004198161568123],[74.96382953856363,19.000399029632728],[74.96447169090699,18.99635909319412],[74.96010623548813,18.986772053376047],[74.96128783522536,18.978210525063982],[74.96040943926029,18.973260968809857],[74.95691792435017,18.96866805698741],[74.94873996610387,18.969559849156646],[74.94319727034738,18.97668105085514],[74.93782857371193,18.9726812309945],[74.9325579013507,18.970839671428177],[74.92112031127554,18.96033843988057],[74.91113185598962,18.963910192728097],[74.9072569460473,18.975878408792205],[74.90370300615588,18.979360989047468],[74.89196666900963,18.979258477561782],[74.88239300507006,18.98322262247551],[74.87374681314617,18.98091275300063],[74.86532796962405,18.976141536881702],[74.84709026283213,18.968534272797033],[74.84197124277942,18.974018954683633],[74.83109103663293,18.988341633121884],[74.8286964992552,18.984939310529132],[74.81820867863695,18.977448013843006],[74.81675497948676,18.97306919073361],[74.82176258788101,18.96397266095689],[74.83180894486179,18.963468735159335],[74.83567054876241,18.962130997918937],[74.8397283085259,18.958831268486293],[74.843206436613,18.95281150835617],[74.84297003616615,18.946261056712082],[74.84007162677723,18.94301930698161],[74.83275425139982,18.93854236288828],[74.83721787814339,18.932420007262824],[74.85280682910016,18.924661171187235],[74.85479562304664,18.918931229126134],[74.85508545829387,18.912429862866748],[74.86237159563814,18.904599736653065],[74.86797226076703,18.902499430795213],[74.8727434771277,18.89919081905286],[74.87666301090756,18.904399067888285],[74.87806764615303,18.90792170511815],[74.88297266714109,18.91135968501587],[74.8862679674473,18.911667398093975],[74.89055760260986,18.909669676838448],[74.8918997578106,18.900970004812834],[74.89048176926434,18.891320474575338],[74.89222530284103,18.885541513461636],[74.901839161817,18.879049025535643],[74.90373422913699,18.86932379744595],[74.90291377642497,18.85942010074227],[74.90315901166106,18.847545513134744],[74.91574259196373,18.849391573379496],[74.91745936388429,18.851130613669795],[74.92153945695337,18.853311170824806],[74.92569089450325,18.852031333422303],[74.9266272769547,18.848000373691708],[74.92500416899831,18.836772351096293],[74.92120942107663,18.83106022094322],[74.92735413366086,18.828500733822274],[74.93485433144467,18.82983838256152],[74.94277363181219,18.82965109975127],[74.94644355352982,18.829111620861138],[74.94959167016039,18.82615073585622],[74.95881752395778,18.822240139167754],[74.96295998479549,18.822030533504066],[74.97097752004152,18.82487095835435],[74.97424152746355,18.821557829898563],[74.9754856209397,18.81461055156611],[74.9780184522813,18.810361039257984],[74.98092574246137,18.80741806417503],[74.98320882697494,18.80360110634034],[74.99090518334692,18.79778193278623],[74.9946374961308,18.796591324453328],[74.99857487173598,18.799208838993184],[75.00373846369388,18.806321089056752],[75.0122375199228,18.804533030349884],[75.01341026940202,18.802851955633137],[75.01037813061626,18.796408497175452],[75.0066904016128,18.79121816852733],[75.00624900960555,18.788640822371676],[75.00670823200575,18.78498879489879],[75.0112743523467,18.779321272382028],[75.01336569527173,18.778041477672183],[75.01996520651336,18.771161067146647],[75.02607862785155,18.770585894696328],[75.02961018593281,18.769359631633517],[75.04059747139218,18.763402313706038],[75.0455648740673,18.752530940858506],[75.05516981106354,18.746261463040735],[75.05831339838012,18.741289603186157],[75.06239349921954,18.732259887230867],[75.06920701104758,18.73031127460828],[75.07321126385999,18.72550881196573],[75.07721559428911,18.71774111524843],[75.08127783495343,18.714080200591415],[75.08973668658498,18.709130517209367],[75.1015310821965,18.7057594469901],[75.10565123792301,18.70312864046803],[75.11155067114615,18.690241813663462],[75.1142795802928,18.688449240665676],[75.12671605687603,18.684538633758574],[75.1343455505821,18.6701892234049],[75.14102084352264,18.666519398753056],[75.14404853648001,18.661101566680088],[75.14568510545897,18.654542202421588],[75.14692020362844,18.652932482971394],[75.15300692449082,18.64983787044159],[75.15683724713583,18.648589379665072],[75.15892863661303,18.648968349586834],[75.16026187063903,18.641677755071136],[75.16446679654571,18.63602805817783],[75.16918005943272,18.633682533591184],[75.17444623144308,18.633459629061942],[75.17785746875641,18.63267033347521],[75.17881170066329,18.631528831394352],[75.17816070407042,18.625232590150578],[75.17919971471997,18.620920657245417],[75.18723496080594,18.612470615522373],[75.18653938465097,18.609951248647636],[75.17724654355254,18.603739700599505],[75.17694784835167,18.601452216468626],[75.18325746310234,18.595829258488326],[75.18132669506667,18.593091361799303],[75.17771925381663,18.59164217435516],[75.17163705244637,18.585970199045015],[75.17099938505427,18.584382750685787],[75.17260913399444,18.581091895166427],[75.17649303617029,18.580761984847285],[75.18721715067538,18.575330748654515],[75.19252795274679,18.570630861123657],[75.19741952999775,18.561641317480625],[75.20851822000527,18.556250269251926],[75.21839067677247,18.554319443176958],[75.22207837511947,18.553770984679083],[75.22598455134208,18.550752164127676],[75.22738469689399,18.547340995224417],[75.23068892632973,18.543189582369166],[75.23451930525664,18.542101515451385],[75.24289789654279,18.5433590184413],[75.24516314270305,18.540870866840944],[75.24745069886492,18.534587932575143],[75.25192316623608,18.526062174443013],[75.25798754890046,18.519462704502274],[75.26418119873432,18.50868057540031],[75.2713336055475,18.510152057370025],[75.28334197965309,18.515119488554397],[75.31120246326512,18.51844154265126],[75.31709288030021,18.518379153094134],[75.31979959707377,18.520751348905307],[75.33815767100079,18.52475120352643],[75.33809530734814,18.53844061340224],[75.34591654288833,18.553262690451497],[75.34844038653445,18.56153872500415],[75.36514415261625,18.554881303245967],[75.38278883031118,18.550850257136673],[75.39650508374172,18.546101387502844],[75.41732014795855,18.53576963356731],[75.42141803351093,18.532920226260273],[75.42487385694241,18.53510967150693],[75.4291322878302,18.54281057188459],[75.43319900155052,18.547291928486494],[75.44164450586261,18.552179117153713],[75.44676355212204,18.56828095379384],[75.45466505601736,18.588601045069133],[75.45828145807457,18.594750138346406],[75.46479168674345,18.593639873865598],[75.46743594757883,18.599918261912293],[75.4679042083541,18.603860104483044],[75.470008874928,18.606647003989906],[75.47554710541381,18.607730571768712],[75.48401493655454,18.6121584694422],[75.48948625940422,18.61950264929198],[75.49048503128478,18.624001863609077],[75.49302672363663,18.62603965476681],[75.49855157142756,18.625522380532747],[75.50966810029554,18.621660847114985],[75.51161231685482,18.624911532792204],[75.51824737902795,18.628269198167242],[75.52780771420788,18.638418105804234],[75.53347973807357,18.64056738802434],[75.53965556316358,18.641651003191807],[75.54396749798616,18.64101779078176],[75.5500273961532,18.64157966044272],[75.55322910707085,18.64388050698269],[75.55599821136374,18.653079678547247],[75.55581538864878,18.655839868934013],[75.54612572824259,18.658769459371282],[75.54583583975844,18.66416048598795],[75.54659391960163,18.66964969569125],[75.54798960081547,18.6757720524378],[75.550567001228,18.68226892311622],[75.55417441586104,18.684119483003958],[75.55879844437355,18.684868608506925],[75.5789714885196,18.685541942676643],[75.59060528365883,18.68762881300087],[75.58914268316651,18.69700178881807],[75.5941769945972,18.695949424124418],[75.60338501183443,18.692457965625785],[75.61009152896204,18.68613048626667],[75.61313706754744,18.681640194858915],[75.61620492022604,18.67233847091876],[75.61664642714616,18.66870879742302],[75.62285792984932,18.661159584905143],[75.63965533671319,18.65367274524268],[75.6489258386623,18.648219251363688],[75.65511510849728,18.646827977434242],[75.66337780087109,18.647260503306413],[75.6669629163087,18.648130014819273],[75.66794388764893,18.64985129345779],[75.66887585312094,18.66250169066468],[75.66754700826574,18.66631874799539],[75.6685012568011,18.672298375227793],[75.6704766645398,18.676351659708683],[75.6720507401314,18.68378949768472],[75.67204177488132,18.687401345108213],[75.67434715742763,18.69030870973899],[75.69161284141566,18.690531666799604],[75.69901934784919,18.68860080703076],[75.70736677845386,18.686322274329502],[75.70973016936067,18.682670272334384],[75.71438540051656,18.680779600403007],[75.71951344435567,18.679450811043512],[75.72648746578584,18.67644085256035],[75.73216830013033,18.675219117855185],[75.73597636755586,18.67798815449188],[75.73937425456963,18.67669055260899],[75.74434614946087,18.677100843459982],[75.75060222946212,18.678590140563006],[75.75396889857612,18.68021774335584],[75.76452802992841,18.676061847950603],[75.76904506205192,18.672788847451404],[75.76877752671014,18.670488018907125],[75.77511397074585,18.66960956364534],[75.7775486292408,18.672699700066918],[75.78283709216487,18.668539371819257],[75.78399644245773,18.661841753694098],[75.79442627001652,18.656490839242224],[75.79749418586627,18.655643652252564],[75.79870707290905,18.657632358635276],[75.8000046448869,18.66588174552523],[75.80248836573081,18.673176815625464],[75.8121021555105,18.673511237481158],[75.81476426114136,18.671072162949574],[75.82640697454028,18.670380980610986],[75.8286588113184,18.664338889610278],[75.83283254206431,18.665997691495694],[75.83660051623735,18.66543136276584],[75.83859374187263,18.663099300539567],[75.84736471929405,18.65897013440798],[75.85385272500847,18.658831879213167],[75.85974320775865,18.661391390024907],[75.86110768399621,18.65930009754817],[75.85981900248923,18.651630416647727],[75.86148222120349,18.65017234300748],[75.86369396509551,18.649681849300073],[75.87223762024783,18.652259214266714],[75.87577816342174,18.65221014353474],[75.87992958833186,18.648821224795732],[75.88394280000169,18.64906204773951],[75.88639970350918,18.64826824272646],[75.89521087809425,18.647978421526176],[75.9045884091285,18.649971674082504],[75.9168910780455,18.650078693384042],[75.91921422350104,18.649240334540558],[75.92147051857427,18.647318503680015],[75.92983133368618,18.644959602975064],[75.93930693558352,18.645739971603764],[75.94198684475745,18.644959641767134],[75.94603575987094,18.642087963422032],[75.950080128171,18.636647870290638],[75.95043236920624,18.63418194538818],[75.94956292757756,18.62892027381268],[75.94663323979496,18.625232551392514],[75.94554972968699,18.619578450285015],[75.94632555212796,18.615779273477937],[75.950445746552,18.60816759931741],[75.95347794141412,18.60680757509336],[75.9586103838653,18.60687447043023],[75.9620974597458,18.60808729560589],[75.97228197898669,18.61409822507681],[75.99442148637634,18.6197612850894],[75.99726187336721,18.618419100814684],[75.99931304087498,18.613558612560706],[75.99880027397958,18.61033916046264],[75.9971147719379,18.6067897502695],[75.98940496886023,18.60114005391559],[75.98700593572022,18.595352158846524],[75.99117966167805,18.59005914818598],[75.99749824493406,18.587303457624905],[76.00051701718458,18.584971337644863],[76.00657694644681,18.588065990102177],[76.00714326075708,18.592966473757002],[76.00522584133842,18.60270071971203],[76.00699608124793,18.605148802867994],[76.01074175999652,18.60626804896395],[76.02107793718868,18.604109801565244],[76.0286539629925,18.60148789297282],[76.03343407804076,18.596850345046875],[76.0354005991763,18.593122625970533],[76.04358751058514,18.58769135289695],[76.04637890515988,18.581551218549286],[76.05016910889337,18.57574995487884],[76.05206873080732,18.574358682999122],[76.05840507031142,18.573038808521943],[76.07007010533147,18.575830205399466],[76.0766294602084,18.57556713629565],[76.09895171824814,18.587410482998894],[76.10341523785439,18.587370351454886],[76.11635559465408,18.584730550567013],[76.1289213519719,18.586130682958057],[76.14408222721309,18.583009376639637],[76.15143534629657,18.582719542106847],[76.1531297477637,18.581841021485044],[76.1561797763748,18.57496067194907],[76.15641162847041,18.568218486991512],[76.15901133476149,18.557650430142683],[76.1631939895241,18.558818759546753],[76.16615480832793,18.560531009164272],[76.16774668720423,18.56305927610496],[76.16780020061628,18.567768162622055],[76.16583823475509,18.576320655869377],[76.16648924862012,18.580182237400102],[76.17089925452778,18.58463247511812],[76.1768566652884,18.58510959628943],[76.18711707271913,18.584672628320032],[76.19895149967981,18.58238061915609],[76.19924128952177,18.57973188036581],[76.20259014316588,18.577399826994327],[76.21212812825733,18.577792178325897],[76.21637766581624,18.575491303732303],[76.22107755478247,18.575121167265316],[76.23454403127168,18.576200301162988],[76.23882477504526,18.574849210138122],[76.25406596445762,18.57637865158257],[76.25437366816563,18.565739249854488],[76.25911810291551,18.563268870082982],[76.26856254026816,18.561128523425445],[76.27661123311357,18.556468768751895],[76.27675838641555,18.563469591320565],[76.27773489692251,18.568740228587767],[76.27966120624335,18.573819113412668],[76.28202009305627,18.574318528533002],[76.2888782239439,18.57355158233631],[76.29203970502675,18.574777850421658],[76.29508967890976,18.573489157027527],[76.2992099577936,18.569890625416804],[76.30673238310749,18.567121559036384],[76.31112020185907,18.56638134056197],[76.32147424014805,18.56932878849158],[76.32556322145176,18.56865995679562],[76.33513687465776,18.562582198739456],[76.3424899552282,18.562729368459873],[76.34678852271831,18.565039158287792],[76.35161772982737,18.56390213124862],[76.36155710334828,18.558060711655315],[76.36433954169486,18.553668483615066],[76.3677285029279,18.544848334925003],[76.37317745492604,18.542672316643706],[76.37692315313579,18.541999031270226],[76.38078469728451,18.542930944665816],[76.384146919722,18.54237800615611],[76.38710770260063,18.540910971313863],[76.40509571019976,18.54772894567964],[76.40580029993306,18.54796079780513],[76.40985806276633,18.555394156979023],[76.40985806276633,18.571977545860204],[76.40985806276633,18.585105103757428],[76.40985806276633,18.598923854724426],[76.41192706911723,18.61136028117481],[76.41745638444534,18.62448792489522],[76.42920606680984,18.636237655289143],[76.44164249615531,18.643144803423105],[76.45269661609312,18.645218243894053],[76.47135354742018,18.64383596484708],[76.48655909259173,18.63346856326219],[76.50244680871629,18.6203454144861],[76.51557000151617,18.606522151722974],[76.52800637419226,18.598232710047803],[76.53768262220322,18.598232700541054],[76.54389861421579,18.60721779930054],[76.54528988141061,18.618958578030497],[76.54597660126734,18.632090636103076],[76.54666772739354,18.647982895755568],[76.5521925459167,18.659037004715167],[76.56255995856097,18.673546940751947],[76.57015825177294,18.679076237404704],[76.58329033456708,18.67492928007105],[76.59572677536482,18.664566309123657],[76.6047073786616,18.660419340385964],[76.61369246388219,18.66870875934103],[76.62751120962638,18.677002755966043],[76.65169737001101,18.677693906643263],[76.6648160419998,18.67423813002523],[76.67245450773419,18.669498073468883],[76.67531722770353,18.67426933402375],[76.67983436069507,18.68367802377354],[76.684387102502,18.6912585062868],[76.6863401656538,18.69174894517296],[76.69742548276585,18.69069215251945],[76.70107306698004,18.691280789759286],[76.71115953400341,18.69676995468402],[76.71874886928627,18.6983975255634],[76.72920100681714,18.69499073866985],[76.73095794673655,18.69573093146883],[76.73480165708888,18.69917339966626],[76.73587185814948,18.70163037238154],[76.73412388185469,18.713121468938976],[76.73396333242991,18.719368667217587],[76.73184085504228,18.723649407351086],[76.73000369422932,18.725058496087954],[76.728853209243,18.729080612921955],[76.72869714478719,18.73471242749526],[76.72576755355179,18.737900711903684],[76.72561588900288,18.748700642239125]]],[[[77.4565116506123,19.681990505338543],[77.44889102295593,19.686601144125127],[77.44300944374537,19.68772038234577],[77.44159593234694,19.692357872968337],[77.44834254587396,19.69991156986445],[77.44555564654058,19.70351007378625],[77.44478416609333,19.708660389305702],[77.4429604154588,19.711991289300304],[77.4395358254719,19.71410042508425],[77.43769868331987,19.722171424210067],[77.4334045785603,19.72518130371738],[77.432891751369,19.729511082105212],[77.41689253282058,19.735200963495465],[77.4144668086276,19.737060339214743],[77.41545225428594,19.739272039478312],[77.4103465510539,19.7436910054996],[77.39605065975022,19.732289156795364],[77.39383900062815,19.725868020738613],[77.38594636736495,19.725261555448725],[77.38253961908211,19.726461052766513],[77.38035021448496,19.728949299502272],[77.38041705176634,19.731187718487302],[77.38347602059302,19.73557104682154],[77.38201342643573,19.73867013708704],[77.37880734002344,19.74039127924294],[77.37644397707368,19.743102442826743],[77.37615866030589,19.74621934710395],[77.37683196119849,19.749590440713263],[77.38279820330554,19.761068153496236],[77.38420288719205,19.766200620621678],[77.39321020589541,19.76654840457658],[77.40159779573786,19.764327749589803],[77.4041840618165,19.7657903550428],[77.40695759925262,19.77271980720835],[77.40595876912062,19.776897955531968],[77.40461661858198,19.778200017759005],[77.38697191106384,19.78021999317613],[77.38062220606419,19.788340072196732],[77.38748029987454,19.808080493778984],[77.39229613073303,19.81138016793046],[77.3870923514129,19.821199136319205],[77.37925768664242,19.82019142277292],[77.37087461052587,19.8224610314035],[77.36778893930578,19.822510134293562],[77.35936569579881,19.8152997828904],[77.35498684671023,19.81647693073499],[77.34399957088523,19.825488776858027],[77.34169867877699,19.829421693922743],[77.34207775339928,19.833211969315524],[77.34339311348683,19.834081463341352],[77.34662602682407,19.835539591795246],[77.36071678160754,19.83331009398247],[77.36097541448923,19.837269744283816],[77.35376948718805,19.845719733277846],[77.36361068600534,19.851859924009084],[77.36245132810286,19.858392533498044],[77.3578183367321,19.85934225293537],[77.35115195456646,19.85886071808494],[77.34623802939203,19.860573039544924],[77.34530614680509,19.865032129911256],[77.34748657387303,19.869901400234298],[77.34509208000954,19.873771941907002],[77.33734212371556,19.874431862812084],[77.33323533687955,19.876277987934223],[77.32388901818344,19.88409925019825],[77.32084793785519,19.885352235872777],[77.31522945645115,19.88375137244619],[77.3037472990449,19.87869922084842],[77.29962705797729,19.878819640086576],[77.29585468894109,19.879921015895437],[77.2941111741502,19.883260922358204],[77.29515015044245,19.885530597787746],[77.29453476060291,19.890199292140142],[77.29545784414925,19.89305306428973],[77.29939967086301,19.893561441510066],[77.30700690611438,19.891028707489617],[77.31224187959738,19.89022152440493],[77.31307130226153,19.891282810317293],[77.31352164045302,19.893851285561826],[77.31265207774099,19.902051532801842],[77.31500209968324,19.90658204938373],[77.31334774595814,19.910019964771266],[77.30800571070039,19.910831503718228],[77.30116098903515,19.906791559638872],[77.29379453526293,19.90057114801165],[77.28999541550044,19.899719432638484],[77.28637019505126,19.901150788611925],[77.28505918981992,19.903612238070398],[77.28257100990824,19.905302205231557],[77.28312842431012,19.91091182434034],[77.28230343602662,19.916458885285156],[77.2764531294626,19.9168111877161],[77.27278777184301,19.91479120743826],[77.27102637796155,19.909337765522537],[77.271039793028,19.90077177177097],[77.266402297394,19.89757905053134],[77.2629688193444,19.899821991948095],[77.25990090252688,19.90019210534736],[77.24700078147336,19.89295052816126],[77.24133324358547,19.891693057167696],[77.23828318082788,19.892709749231546],[77.23494781614362,19.896290392123188],[77.23828765376142,19.899871076393914],[77.24613125167274,19.9061806846889],[77.24114152617607,19.910831510773324],[77.23903682388406,19.91653023606954],[77.2380067356643,19.923633573488452],[77.23826537679658,19.931329988893218],[77.23670913620518,19.93856265575873],[77.23410056288452,19.940431049129295],[77.21776685734001,19.939209253720602],[77.21153305908456,19.940439937275876],[77.20793902152117,19.94348104633652],[77.20638282000903,19.947547793815293],[77.20787664752646,19.95755846712373],[77.20791673883204,19.96440314816164],[77.20919649529675,19.968171070702862],[77.21475259028784,19.97283091571666],[77.21543032899258,19.97837799671644],[77.21103811670484,19.98145030208544],[77.20141536581777,19.99192024523316],[77.19758501475474,19.991527900284293],[77.1917123414286,19.98451819853106],[77.17917788114427,19.98042025324726],[77.17582909177717,19.97804802750776],[77.17560611659965,19.973508658421977],[77.17450913581412,19.96981202744477],[77.16927418405717,19.96491155474759],[77.16327671972414,19.96508985583762],[77.16010177891076,19.967372895463356],[77.15500503946653,19.967172265442247],[77.13686992751295,19.953821749485627],[77.13564364046852,19.95156093382234],[77.13488108898181,19.946869943095702],[77.13155905698923,19.9434097086803],[77.12341229640761,19.940390899713826],[77.11596558643689,19.940600481041084],[77.1096738607643,19.938308543975143],[77.10640082465245,19.935151456370374],[77.09969432470382,19.9332696985357],[77.09433895298142,19.937461307416076],[77.09259993584102,19.941532415718086],[77.0906289783174,19.949759471819927],[77.08435058903801,19.953741496124525],[77.08236632323899,19.957941919133045],[77.08315107595668,19.965049701022],[77.08135850214067,19.967689561514817],[77.07504888992159,19.971087381253263],[77.07090638303544,19.975751578320153],[77.06968012376495,19.982047812025215],[77.06343744315357,19.985739936880627],[77.06260803008387,19.990118820622477],[77.05883119919368,19.996740617475687],[77.05010913918338,20.000820660738512],[77.04419636679835,20.007879432909835],[77.04043740814825,20.009569387055116],[77.03414111670628,20.011031990102587],[77.02982913330881,20.01063960766674],[77.02578031513853,20.008980781338423],[77.02185182258755,20.006871689946866],[77.01870819873342,20.003571923709814],[77.01306294954823,20.00325086873976],[77.01082004835688,20.005333226396413],[77.00533981386879,20.00761184290146],[76.99788861796718,20.013016302305672],[76.99109742898862,20.018509925596227],[76.99054893219295,20.00983244949697],[76.98969282930211,20.000749329662597],[76.98703967183488,19.99682088259762],[76.9705142298408,19.994872255293192],[76.96634045722794,19.99019903559537],[76.96028057649067,19.986029803655082],[76.94727335653305,19.983760088191207],[76.94474060480778,19.984330926201906],[76.94164149967037,19.982047790682707],[76.93707099183264,19.979969896066514],[76.92588750608083,19.976558720720732],[76.91615331143966,19.97201928846713],[76.91296949874449,19.968411888147216],[76.89898574135677,19.96327948535956],[76.89878063699473,19.95255977891847],[76.89739388682536,19.952301202293192],[76.8942814478538,19.94669158956209],[76.88934520298638,19.950437301055565],[76.88535426522787,19.95096790828294],[76.87690876441673,19.95008053748219],[76.87216870358164,19.951440557067933],[76.86989462727279,19.95626977299078],[76.83538115598748,19.961522561405783],[76.83096220238049,19.949001479955776],[76.82174521762109,19.92739264536441],[76.77172747558498,19.93345257730007],[76.77240082153878,19.922991463473803],[76.7699661763023,19.914550433145184],[76.76567204145806,19.904432688289297],[76.74491932507696,19.90735788194227],[76.74057175763704,19.89746317889778],[76.74134760106111,19.888660917411134],[76.74086157666657,19.88109826196793],[76.73787846056844,19.87267051024722],[76.72212887508168,19.869629453889324],[76.71042825174791,19.86925929301702],[76.69689039622054,19.873170008893446],[76.68998771752763,19.873089738459296],[76.68933225487346,19.868621694307564],[76.68710268731094,19.865638537643417],[76.68789639214475,19.86072910587422],[76.6838519607541,19.84980876260616],[76.67724805128637,19.846839003391253],[76.6752637450396,19.83895975516223],[76.6791699466051,19.841059938142436],[76.68250088076009,19.841229435661447],[76.69476341800093,19.83997192105734],[76.70468046514152,19.836538430262962],[76.7004308756937,19.820342990090946],[76.69738980452708,19.81966073981497],[76.70089908543845,19.806769514295222],[76.69625716937186,19.799349556321463],[76.69204782156669,19.79493060526199],[76.6861260772908,19.781727207381245],[76.68813267893505,19.777562364820877],[76.6917178054485,19.775230281269327],[76.70140746323416,19.76492083585721],[76.70398931428053,19.768599576693834],[76.70717750897015,19.770824706845026],[76.7128540102,19.77127057256337],[76.71575236873832,19.767930728395104],[76.72460373043315,19.744150303199934],[76.72702948006074,19.7393300268055],[76.73252753764426,19.7338676420623],[76.73754847640816,19.73112079973532],[76.7323224227646,19.71706129878648],[76.73386971519946,19.712263308475606],[76.73684843508346,19.71157214438007],[76.74121832351126,19.712089401902176],[76.74433072280274,19.710461793951886],[76.74756808920567,19.706560100952828],[76.75055123918682,19.693980971452945],[76.75370822696286,19.689258789886598],[76.7584527169228,19.684960264737086],[76.7628494118987,19.68469264747794],[76.76824940288769,19.688358091655225],[76.77112552870237,19.693057988355267],[76.77191033937797,19.69757944652029],[76.7703763706376,19.704268155028114],[76.76845005678372,19.707532210289916],[76.76640335433784,19.715442645961772],[76.77024703498573,19.720048872383337],[76.77398820618905,19.72748663028539],[76.7795799888263,19.73092914153086],[76.78383843246714,19.72910088174827],[76.78839110552867,19.722760048681906],[76.78898416620987,19.71917933101621],[76.78553729720899,19.71169249918449],[76.78295104859603,19.70116908058368],[76.78597877993522,19.68835808895003],[76.78486842369534,19.67713900686105],[76.78679034699918,19.671288642835343],[76.79277002239819,19.669268624754285],[76.79828587967562,19.67189949346384],[76.80771690008822,19.682021646121612],[76.81134657785275,19.67976093002709],[76.81611783366458,19.66909025647628],[76.81783905286926,19.667498375987666],[76.82443855512425,19.67280025132815],[76.82549082773637,19.676849120430056],[76.82546856263082,19.681508924482515],[76.81304999641557,19.695791365355888],[76.81429405635902,19.701788860261672],[76.8170007568773,19.704718528458105],[76.82887974146492,19.702381910971525],[76.83315163510173,19.70084804154875],[76.8393720355745,19.701400965478197],[76.84203410513744,19.703229173882523],[76.84918206807436,19.704780900590407],[76.8517683471328,19.701570361352232],[76.85578157438144,19.688799502078595],[76.86281797937067,19.674570562905206],[76.86239436528105,19.67037894936252],[76.85668225163506,19.6659288045944],[76.85338700970736,19.662209908530414],[76.85141605183733,19.65267186619923],[76.85220537139692,19.648070119869782],[76.85539805650264,19.645461517550213],[76.86038783121994,19.644600898483816],[76.86508769916726,19.645180625517984],[76.87390779386743,19.642509610967288],[76.8730605523257,19.637131925857005],[76.86778097435058,19.626688717591133],[76.86664390103418,19.621841653332787],[76.86940857651742,19.618680130376546],[76.87465694372841,19.619255414776937],[76.8791516594209,19.62144031367472],[76.88240680629286,19.624057854990603],[76.89366162447386,19.63684208069488],[76.89665815617224,19.64118081990287],[76.90145162839484,19.644239701412182],[76.90638791532642,19.643321161502623],[76.91120818274341,19.640382619400043],[76.91390141710981,19.6364318548743],[76.91388805001895,19.63091146548673],[76.91061957675402,19.62547136644629],[76.9115381456024,19.621150459917455],[76.91790127779375,19.616120612736882],[76.92418863275846,19.61637929414156],[76.9364466364705,19.623910656846217],[76.94078092115961,19.622479299640034],[76.94265821948656,19.613708256155608],[76.94301042951763,19.597521721986848],[76.95385054673751,19.592951097934503],[76.95958495789705,19.58374751803556],[76.95977668635447,19.58092937890789],[76.95171908460692,19.578369884242516],[76.94947171225873,19.574459269524546],[76.9517502941577,19.571529608470925],[76.96124369358087,19.563900113740146],[76.96502057585914,19.55750129857518],[76.9672456862903,19.54543937102953],[76.96615770527478,19.53784109405401],[76.96282223625383,19.527357759290314],[76.96592581471597,19.52332227522733],[76.95742678324108,19.513869015763284],[76.95755161556396,19.511519066899318],[76.97339478974813,19.507474649786513],[76.97541028857344,19.50535211963178],[76.97564664384007,19.500821688069635],[76.97753729367463,19.493312536127373],[76.97750160804057,19.487216897240287],[76.98579999432009,19.49098937511356],[76.98439981589307,19.475239771371566],[76.97895082311534,19.476969933618868],[76.97062568788138,19.47511049119169],[76.9662334783641,19.47589976826933],[76.96263051258006,19.477580807808085],[76.96150240473555,19.48059071677348],[76.95963849420913,19.48253039285195],[76.95741333299021,19.483560476044484],[76.9535830280824,19.48767179886589],[76.95101014212901,19.48888014799896],[76.9469701289201,19.4787580401399],[76.93495735011733,19.46686111231313],[76.93289273562725,19.4635792620239],[76.93190732518283,19.457639677297077],[76.92817057185133,19.450946648383702],[76.92350186621066,19.449912131195592],[76.91931927819348,19.44626900596744],[76.9206168771011,19.440739740507755],[76.92471474081705,19.432722216298174],[76.92343943269744,19.42957860936744],[76.92088437985946,19.426381403234636],[76.91918104036367,19.421191006174848],[76.92030470187576,19.4174900042825],[76.9180305473461,19.413302845625687],[76.90908116741532,19.402592093916105],[76.90479149536085,19.394949255506155],[76.9021517107225,19.388001952641275],[76.89792450729065,19.382869536296703],[76.89534711106681,19.380871797835155],[76.89388459237517,19.37837025877905],[76.8928991327689,19.369728559848525],[76.89337172162044,19.36655814307742],[76.88987137225439,19.35619070269885],[76.88992485105115,19.348552252960143],[76.89171743281155,19.34540856054082],[76.8986602303725,19.33813137249758],[76.89977950608794,19.332080305621446],[76.8997170605163,19.324098530882406],[76.8985354260137,19.320219105033583],[76.89441522796952,19.314520447278042],[76.89108422695512,19.311323206950753],[76.8919849984694,19.308451598193283],[76.89499485216942,19.30623984229027],[76.90033685339874,19.299800908381773],[76.9008853151643,19.29749109447428],[76.91542648709292,19.297549098595645],[76.93023517798409,19.296568057077913],[76.92735456801599,19.290851501851698],[76.93038228424018,19.290200451177277],[76.92724755504118,19.282918763052585],[76.92669015398481,19.27650212313408],[76.92487530752697,19.271030789620518],[76.92099139838675,19.263312127010085],[76.91948873364142,19.255718265919857],[76.92430004509963,19.24740201239235],[76.92755074357194,19.247089843206282],[76.93048041359913,19.25086227537601],[76.9310065825849,19.253212235687762],[76.93422606502493,19.25422889754745],[76.9376595588081,19.254028220387173],[76.94393798727926,19.251303717469185],[76.94827218244458,19.248498967681957],[76.954697758541,19.2480619799525],[76.95340016911817,19.25377857320163],[76.96745076395494,19.253559992449762],[76.96967143498671,19.252521031744415],[76.96779411224345,19.267731068021423],[76.96819995816745,19.276622552139184],[76.97421083785906,19.275619204192594],[76.98533628752475,19.276002695234748],[76.98703967183488,19.28037262959793],[76.99035716426302,19.284412575660664],[76.99191344632145,19.284220847224546],[76.99540490160382,19.28154984398739],[76.99794213744467,19.281581052441968],[77.01969809143641,19.282249886083477],[77.0197827934011,19.274250250195035],[77.00937525533101,19.273046328530096],[77.00847007608864,19.27099955790791],[77.00952244188136,19.258540824009653],[77.01120800073629,19.251379517435975],[77.0169513081852,19.250429770456844],[77.02046058271605,19.24723256838213],[77.02407694724232,19.245520237016095],[77.0346227349746,19.243611813238353],[77.03807852259979,19.24368754987216],[77.04704126965434,19.247388683265605],[77.04709037515507,19.236071439042107],[77.04763879176055,19.232718212462675],[77.04923966558047,19.230091800444207],[77.0464393523055,19.223857956537174],[77.04454863414986,19.221610549966417],[77.03906843258038,19.21805221012687],[77.03637515213262,19.209160767207788],[77.03592472879083,19.201022879209447],[77.05362737758576,19.195649705977974],[77.06079319148866,19.191221816002923],[77.0683513547242,19.192621996140428],[77.07361751169562,19.189460482045494],[77.07544576984935,19.186771635111718],[77.07692621967122,19.18233924980145],[77.08307528817711,19.182209956508764],[77.08258920898791,19.175200220018773],[77.086517743968,19.175722009093633],[77.0860361573613,19.171882707141183],[77.09778582755676,19.172368678470868],[77.09255980572982,19.15620894288236],[77.09610920510524,19.155473231378608],[77.11142176133762,19.156289188385017],[77.11176513985214,19.15211990486757],[77.11823084982112,19.14932859081159],[77.10932152067544,19.146229500279468],[77.09525305964505,19.144601870709373],[77.09115515557438,19.13555880553214],[77.09761196709454,19.13018121242848],[77.09937330241705,19.12713110138893],[77.10180799266209,19.121722294849615],[77.10286920289784,19.116741471844612],[77.10267752545742,19.11300028463256],[77.09892293901365,19.106730749179153],[77.09977018980143,19.10669953868807],[77.10204427650847,19.102780023899587],[77.1032349082042,19.09837887756483],[77.10238768189289,19.09507911926357],[77.09973893057722,19.09297891281835],[77.08957670470122,19.089799568596945],[77.08708846199336,19.08735148436829],[77.08521120309805,19.083628117728335],[77.08474743826675,19.075218294734395],[77.08569279301112,19.071062422186916],[77.08850650759905,19.068221999666367],[77.09569008973693,19.065880926811968],[77.11480624875415,19.07568200657991],[77.12275685844757,19.077849176657008],[77.12621265984018,19.076787901194237],[77.1349702744883,19.070139383509932],[77.1389790766551,19.069622140120163],[77.14192206216585,19.071263097363147],[77.14523520398328,19.074879381267596],[77.15055038099091,19.077149103704297],[77.15622682694263,19.082950338356465],[77.16190326565916,19.092903074882997],[77.16423988332669,19.10484460404365],[77.16339703881076,19.110320324264638],[77.16382513155482,19.115720289060725],[77.16613046962813,19.11932768113289],[77.16992962966543,19.121624169561606],[77.17520921799338,19.118988830379745],[77.17962820507572,19.12363072106538],[77.1798689855263,19.12989130800634],[77.18641049815795,19.128999478556455],[77.18900125900946,19.129949285452234],[77.19229203245509,19.143308780132223],[77.19152063127076,19.155941385297055],[77.1924303085701,19.16488186411856],[77.18631687628304,19.164199611586422],[77.1798689855263,19.16451182509571],[77.17635972012128,19.169341020279692],[77.17867394101802,19.175249340600548],[77.17681005473676,19.180479844593954],[77.17970849452948,19.18654863078759],[77.18076971418746,19.1927290006775],[77.17984222241724,19.20247209719011],[77.17713113209616,19.20640950555253],[77.17576661313916,19.210480652203128],[77.1766450843431,19.21671891157014],[77.17872746775663,19.22314898211502],[77.18171509900554,19.229743978700736],[77.1851798077094,19.232847517154994],[77.19264877748408,19.23578159206655],[77.19300104679269,19.24255051503633],[77.2030474320088,19.241890529410043],[77.2032480720398,19.25166936780846],[77.2084741557086,19.256217697796288],[77.21946132905099,19.26967971279141],[77.22029079291185,19.273630465421686],[77.23557211335668,19.273438754692325],[77.23597784337868,19.309597519918416],[77.24164537569966,19.320642729144335],[77.25955760162705,19.315363138328816],[77.2599187909754,19.313396706692814],[77.27736723717602,19.314511456325985],[77.28063134845318,19.32470054893547],[77.29535080890878,19.326720542584738],[77.29918560749353,19.331879714988506],[77.30751073594456,19.329721456243846],[77.31179153647264,19.339941716339926],[77.31107359583876,19.353140723009567],[77.31104239236116,19.353702524382427],[77.33117075952258,19.35496890838578],[77.33917034390653,19.352529784092148],[77.34925689216703,19.35186089702029],[77.34971620317224,19.345457692116018],[77.361528336716,19.338412295130283],[77.37802700371074,19.337939592965828],[77.38318616615416,19.340588353605696],[77.38672673792247,19.352052631606362],[77.39881975043754,19.356079186900768],[77.40603461220265,19.362701008260483],[77.41252260203368,19.36506878834593],[77.41557266495744,19.371249067104376],[77.41670968578526,19.376327987183192],[77.43351603958885,19.37710838551012],[77.43961164646394,19.378811732971144],[77.4429604154588,19.38146038856218],[77.44667039687387,19.382432540838543],[77.44859222802424,19.388697521305815],[77.4409493621904,19.39964907615763],[77.43427411181241,19.40676139234469],[77.44624228779922,19.423349256820988],[77.4494171732908,19.43941088922212],[77.46922896177357,19.436521376843036],[77.47447288154791,19.45504006806284],[77.48722145585738,19.4567613012775],[77.49048552132739,19.46607190447212],[77.48484027546239,19.47482955608896],[77.48784571109877,19.479850454904554],[77.48658827045155,19.495015923166417],[77.47968111465444,19.490592506019475],[77.47305485604565,19.48804182596584],[77.47099478846829,19.489089759899194],[77.47052659408361,19.49646068604175],[77.46716444881976,19.498409273584187],[77.47058900260618,19.527299816220975],[77.4675523903241,19.530042145393463],[77.4653317750984,19.542590011436978],[77.46618784928886,19.556243820388598],[77.46576874137332,19.563213358020963],[77.45298897874575,19.56191135264402],[77.45405016875752,19.56664239489375],[77.4508797885259,19.56727113589823],[77.46060950950728,19.582940426532893],[77.47801344854687,19.599862730329654],[77.46817666527767,19.608393028413584],[77.46357934153848,19.60849112901481],[77.45664987651185,19.612281342329347],[77.4636773804867,19.61459117380881],[77.46759247987222,19.64137254649007],[77.46405640527506,19.64217069323054],[77.46434185475644,19.64533221158955],[77.46169312588802,19.645519493525384],[77.46618784928886,19.656261413234922],[77.46698159416724,19.66468918902577],[77.46105095814622,19.665170725269558],[77.45970883696904,19.67107015063996],[77.45405016875752,19.671368887266357],[77.45334562792657,19.674271746160084],[77.45049187820129,19.673839245570775],[77.45031792656512,19.67690262557533],[77.4565116506123,19.681990505338543]]],[[[75.92064564547455,20.298095525645103],[75.92125652521297,20.298880383633986],[75.92923830091998,20.301609314245585],[75.93331841837593,20.30543966026041],[75.92854266045276,20.308311357195898],[75.92746804819329,20.31116960551053],[75.926652071032,20.321541518217707],[75.92703104157785,20.32471195272419],[75.9286720244998,20.327432008308126],[75.9300096949104,20.329639204079733],[75.9330686476118,20.332809668753423],[75.9345714297991,20.339440333857745],[75.9382992098344,20.34162086385508],[75.9427850132887,20.34652141552463],[75.94500566801169,20.353000472989255],[75.94476486622331,20.362591950454217],[75.94251302163771,20.372678430389726],[75.95359833485585,20.373191224113807],[75.95435196532306,20.372816672869195],[75.96042081466062,20.369789005369284],[75.96058576050821,20.374988272139916],[75.96840708802372,20.37505962313464],[75.96543731356522,20.381828519460882],[75.95397740962868,20.391397784222367],[75.95181474722565,20.39452362473149],[75.95086496179829,20.39586131444084],[75.94879146414355,20.40209963614941],[75.94960748947175,20.410331101456084],[75.94867106656075,20.415089017686277],[75.94550959624051,20.424720637542478],[75.94254429627463,20.427048284413956],[75.94513501685121,20.43770107608879],[75.94937112522665,20.44818887013092],[75.9579370361676,20.458248581609922],[75.95844091776596,20.467260465255944],[75.9548736662237,20.467969450708527],[75.95564066665855,20.474921200848605],[75.95102097120858,20.47505051338775],[75.94789968679842,20.483402424566705],[75.94444831489734,20.487901642148763],[75.94272707113765,20.49716768289924],[75.9446266575041,20.505479390883433],[75.94960748947175,20.514723111399764],[75.95081145256808,20.52113087875799],[75.95443665658492,20.522049441327585],[75.95667068013545,20.523779568176604],[75.9581600093144,20.526009113088616],[75.95880217353096,20.528978843296017],[75.97097102096303,20.524568830680618],[75.97363313862581,20.53098102427877],[75.9741904638007,20.53506112763667],[75.98343870673031,20.53103896647228],[75.99092999446552,20.531979844340118],[75.99492532453812,20.53516807972426],[75.99901432560647,20.531489347846016],[76.00015135310448,20.532131468963637],[76.00211338776136,20.53232761771668],[76.0086816403545,20.53746898870574],[76.01001934016605,20.53796839732359],[76.01169600723838,20.538610541582194],[76.01223555782346,20.53532867231365],[76.01394788424291,20.533687649547936],[76.01853184178128,20.531859430053593],[76.01973131233055,20.537317374573927],[76.01951729269393,20.548349216229724],[76.01856301079171,20.55190315032909],[76.02120278798796,20.55384284370897],[76.02361964704176,20.55425310027042],[76.02617468025453,20.554690017610707],[76.0323104276474,20.556950808362352],[76.03624781222653,20.555742373853555],[76.04032346383624,20.556652083962746],[76.03988645746703,20.561008580064488],[76.03977941902667,20.565258102125398],[76.03807157362598,20.56908852927073],[76.03784864025151,20.571781802886914],[76.04187962377951,20.580561737879876],[76.04213831806476,20.583259517038332],[76.03866015850183,20.589662818540837],[76.03885635290274,20.59689099929059],[76.04033683252628,20.598848491690788],[76.0401628623857,20.60188958949351],[76.03997118510664,20.605171558854416],[76.03919083892345,20.60827954002456],[76.03816072916783,20.612439857657876],[76.03430813024126,20.61818318389456],[76.03161477094038,20.627110340986537],[76.03376857719621,20.635747598856597],[76.0328366169727,20.64015768260352],[76.02626835918622,20.645481792234104],[76.02260739599024,20.64681064690715],[76.01803685570358,20.64726096264638],[76.0137427108069,20.644621237001726],[76.0124139021634,20.644670279414143],[76.01112971152851,20.64471034638218],[76.01066595833774,20.64095132335937],[76.00866826860448,20.637571325482753],[76.00173887198157,20.635760961783216],[76.00012017995354,20.63428947533665],[75.99855053190417,20.63110117619105],[75.9933111584213,20.628439107868406],[75.99118860682348,20.624822836522988],[75.98961008971932,20.62467120519351],[75.98803598307839,20.624519566601677],[75.97309804412767,20.625839507673064],[75.96174073032078,20.62553175982273],[75.95735298125882,20.62665103188838],[75.95684014838342,20.617599052293606],[75.95514120439128,20.60811896969704],[75.95165422056448,20.605100226516534],[75.94856404640008,20.603557341171395],[75.93379997231708,20.601350075281267],[75.93395157064853,20.599111627797875],[75.93406755079252,20.597350260374373],[75.93554790618172,20.59534815487276],[75.93580653262161,20.58323273131566],[75.93488348478289,20.57971902320783],[75.933991707409,20.556442440339165],[75.9319761721692,20.552491708466047],[75.92996955700939,20.551470559530905],[75.92308923708264,20.55394981014826],[75.92154636873086,20.55748146208726],[75.91490232441562,20.55985819706436],[75.88994024599349,20.564981648558042],[75.88873186095735,20.563028538315553],[75.87621515193388,20.5607499646351],[75.87066804531625,20.56146788636319],[75.86544197181284,20.563371894711956],[75.86756004584231,20.557802531087376],[75.87233574580262,20.553138266086865],[75.8797779317553,20.54096936525645],[75.88684117936212,20.532711148857672],[75.88757247872319,20.527601029232265],[75.87973786815554,20.52906809870385],[75.87660303350498,20.531529469630964],[75.87403905984294,20.53141801603385],[75.86839382823204,20.52889862364118],[75.8640818810223,20.5292374894115],[75.86357801561297,20.52546061126406],[75.86515653378164,20.524831875112614],[75.86310535206042,20.51944081404295],[75.86207536200531,20.512819140272306],[75.86089368761802,20.511780139245385],[75.8574289224539,20.511249472008615],[75.85721492051582,20.509251844904625],[75.85405786678687,20.50910908648623],[75.853705561752,20.498121870960514],[75.85220289204288,20.491807824313724],[75.85672884946095,20.482599766080806],[75.86004647508608,20.48349157006418],[75.86237410333013,20.48328642982675],[75.86327927682957,20.48144037799142],[75.86485336604953,20.47824769369416],[75.86721220661569,20.469039660546187],[75.86837601090514,20.46693050881145],[75.8703380308172,20.465392070374854],[75.8731918374094,20.46536976144583],[75.87539462289764,20.462787996335617],[75.87667890783766,20.457080365733148],[75.87697761830734,20.45672806895098],[75.87815038318418,20.455368077254068],[75.88604747906108,20.45214411374234],[75.89478281110803,20.448572338814316],[75.88920000724727,20.447751929474887],[75.88466516243626,20.447087487926556],[75.88458042907101,20.4453127563121],[75.8823909934465,20.44132184441856],[75.87882367044718,20.440430032355078],[75.87468116561439,20.441830232351204],[75.87061893764748,20.441741059236133],[75.8687594818331,20.44211115838938],[75.86573627377614,20.442722038003016],[75.86554896660347,20.44450117744595],[75.86975839832941,20.44769842762708],[75.8694907861985,20.44970947841597],[75.85993938748663,20.463461288273965],[75.8580398102173,20.46441110703238],[75.853705561752,20.461392308804918],[75.8497369720967,20.461468115169065],[75.84438157147925,20.46157957087601],[75.84101056025052,20.463100080994813],[75.8392180100267,20.466422144910165],[75.83155273631057,20.474261268126952],[75.82618849233836,20.475826397570895],[75.82038271921867,20.475019335107667],[75.81848314475964,20.472531113326227],[75.81611533610129,20.46722920322989],[75.81240091327948,20.467768788728776],[75.80026325327131,20.464830214392073],[75.79895229194649,20.462631903358442],[75.79965238333003,20.454520763081888],[75.79691452226213,20.455488403863427],[75.78337219855057,20.457298867049794],[75.77887743789287,20.45695994533437],[75.7744584650527,20.45761092345531],[75.76975408151729,20.455608783657553],[75.76628044699041,20.452242225409503],[75.76355596369613,20.440889349019237],[75.76354256868748,20.43725959007757],[75.76049699030209,20.428671369929294],[75.7515029668887,20.426040511699565],[75.74888546313292,20.42636155383945],[75.74373521868408,20.424867785529877],[75.740096640148,20.420930439851414],[75.73818366792815,20.415802465634915],[75.74117125075337,20.40967112735104],[75.7505799615788,20.407419311611132],[75.75332678099258,20.405261133303853],[75.75533332238253,20.400690524043963],[75.75549389416334,20.397172327602075],[75.75536907401555,20.395442161873937],[75.75518623492533,20.39291836824503],[75.75192214987005,20.383001266747932],[75.75168581066319,20.381257735525352],[75.75140937136831,20.379211022473807],[75.75185969390118,20.377512160771694],[75.75255531346603,20.374841100253253],[75.75538690547187,20.372410891512878],[75.76053717617665,20.37142096577983],[75.76169652938081,20.361780427554034],[75.76449680468728,20.360652255010883],[75.76698948011888,20.359648989390678],[75.77025801277605,20.354958007100382],[75.77416858688358,20.338222990036513],[75.7699280315851,20.339038993425817],[75.76788124419738,20.337870716808848],[75.76769398573245,20.337674521032426],[75.76426492157606,20.33385751301105],[75.75668451501407,20.329179941467537],[75.75137370746678,20.32924237392542],[75.74698591551966,20.33062914517636],[75.74581322445503,20.338379024422352],[75.7416216053237,20.339368995737342],[75.73618150116428,20.33765221820806],[75.73532982213167,20.33297910229134],[75.72722766214123,20.332493061517436],[75.7198121287329,20.333268960489455],[75.71290504988498,20.31846918392827],[75.70918165525774,20.317171539797275],[75.70622970673922,20.31512932892524],[75.68678362713597,20.310777185479182],[75.68541908826604,20.308231037766085],[75.6892093930374,20.300895869991624],[75.693017437975,20.29653039030322],[75.6941545246325,20.294372209466545],[75.69769503870914,20.28754979307949],[75.69725803711226,20.28161919622317],[75.69381558285951,20.27180019765063],[75.69064516534428,20.266529601355142],[75.68374699144191,20.259439610410126],[75.6804962927918,20.24825174127081],[75.677200963047,20.24147836800775],[75.67687991160159,20.238660201660974],[75.67836923992789,20.236247831107317],[75.68189194351064,20.234281304139536],[75.68268571165676,20.230562478870166],[75.68118293615893,20.221042286399012],[75.68123645799137,20.21871016838889],[75.6812989444839,20.216328978341004],[75.68525861609008,20.205618233359814],[75.68504453457037,20.202800073069373],[75.6803357264174,20.19233013328425],[75.67807055888055,20.1902923111179],[75.67560466376133,20.189511942869025],[75.66493846030617,20.190809589758008],[75.6499335648869,20.192628922702212],[75.64887230495404,20.18629246326585],[75.6459739091968,20.177570486684925],[75.64447119881444,20.1657583841426],[75.6446674061167,20.16092917463356],[75.640845932953,20.147382344501267],[75.6399630637102,20.14361894156357],[75.6388482827407,20.141527567850815],[75.63743472895868,20.13887885859708],[75.6365964099094,20.133242615931128],[75.63704682276447,20.12927841377627],[75.63080404624974,20.11063046955155],[75.62848083895368,20.106612852016596],[75.62217118956113,20.104949540210285],[75.60836582004303,20.104842523157714],[75.59079703352063,20.103188219924117],[75.59062304650969,20.085338448769974],[75.59097093151192,20.079719979815106],[75.59320041345381,20.06947300096094],[75.59570197934484,20.062458764337965],[75.59794497751517,20.06203076564349],[75.60167716326353,20.063667182700453],[75.60470493757052,20.05728180913111],[75.60771924009485,20.05548030574746],[75.60877165162871,20.05297431302069],[75.60436161415406,20.04809158043839],[75.59490383106703,20.029300906483186],[75.59514015872054,20.02447176402722],[75.59691486868864,20.021938937175488],[75.6001343899592,20.019419600870393],[75.6025155043897,20.015219111052264],[75.60279640088189,20.009721022945058],[75.60639046096762,20.0070009546279],[75.61458628694932,20.005640920396093],[75.63986051771133,20.00492305276077],[75.63932097363876,20.004062444848024],[75.63133918225843,20.001739194279757],[75.63764879165247,19.99583088576874],[75.6353210760987,19.983978595683517],[75.63922730567275,19.97012866436751],[75.64212121856956,19.961620669476062],[75.63871892285026,19.956180561263256],[75.64227285997853,19.956260836949664],[75.65212299946901,19.952198602707863],[75.66927272888103,19.940810070883554],[75.66783239580892,19.927900987183335],[75.66887585312094,19.921502132931856],[75.66368991634188,19.917078732382574],[75.65495904166436,19.91151826018201],[75.65141846356588,19.878177502203947],[75.64884114353274,19.874900125569482],[75.65158793956194,19.871751959251064],[75.64856912446143,19.851302547146272],[75.64897937235091,19.8363021563881],[75.65367925182497,19.825680520182573],[75.65394682257687,19.81603999735246],[75.63803669624976,19.814590783526093],[75.64279010870605,19.8018287753824],[75.64656696327522,19.79333864474528],[75.64676760677447,19.785829537912196],[75.63796984071277,19.783479607545537],[75.63992293316336,19.777089742777427],[75.6292879501202,19.776840044985423],[75.62950202473361,19.753483223930445],[75.62947973825798,19.752609259682533],[75.62935480962454,19.74677231835742],[75.63165127743453,19.746250600269942],[75.63121878348632,19.73858094820757],[75.63768892282356,19.735339133175756],[75.63445158044439,19.705222425523583],[75.63149074605866,19.702181300631167],[75.63720734804357,19.679569189204464],[75.63494657120084,19.656207921126054],[75.61190193415149,19.657019543080448],[75.6086958136014,19.642170726965272],[75.6019358595046,19.641430499637544],[75.59250483079063,19.638442919543362],[75.5939540760456,19.629778838387214],[75.59694612996445,19.620200691456088],[75.60148542758203,19.610890071602512],[75.60021911325131,19.60762604204397],[75.60238620123972,19.603033186720356],[75.61541567445602,19.60291273180283],[75.61753822799994,19.59883265625613],[75.65329573880975,19.595599857397065],[75.65474500434262,19.59283963435768],[75.65468703399777,19.58893792170534],[75.65595341002134,19.586240168213735],[75.6565419848295,19.577402278467517],[75.65853078194661,19.567422765002743],[75.65714396212678,19.555191465343913],[75.65228350818083,19.545840728370464],[75.64540313676227,19.528922926787406],[75.64556809191185,19.512379666796132],[75.64675872874938,19.499412559981597],[75.6442705521604,19.48685128693658],[75.63755956190737,19.47083868016604],[75.63629764327439,19.465050768783396],[75.63358207962204,19.46114901760873],[75.63117865054024,19.461322896776696],[75.62542638458454,19.464529029535637],[75.62092716385476,19.4685020647653],[75.61646359087364,19.457202743150606],[75.61290520887508,19.45397882930295],[75.6111929421072,19.430978732063505],[75.61396202323877,19.428668933253636],[75.61998627915611,19.425516330505182],[75.61913454065026,19.40932980069111],[75.6174312263915,19.4004918963086],[75.61145153278862,19.382022299010174],[75.613244072288,19.382708968510467],[75.61685155159053,19.379021318249734],[75.62372749436051,19.374419525682285],[75.6303537029656,19.375030445862443],[75.64306657766632,19.381563018525018],[75.65180198151565,19.369260339441986],[75.65717521054864,19.366308366743066],[75.67542181252425,19.367249308764563],[75.67788771074483,19.364827996529087],[75.67999240313765,19.358732406729615],[75.68289083207257,19.356779325185357],[75.68937882502688,19.35584287163012],[75.70250640660909,19.36073895472786],[75.70607813200003,19.35883048017744],[75.71383699280632,19.357840616047287],[75.7407297670496,19.35871901187807],[75.7524572828549,19.357809348039495],[75.75560984284601,19.359178265448985],[75.75990395903555,19.369108739557202],[75.76315464514616,19.37218996166431],[75.76287813920595,19.381741384413832],[75.75927073910287,19.389852456155705],[75.76698948011888,19.394079720830735],[75.77308508663916,19.395778642752404],[75.78470547663679,19.397339283381225],[75.79754766450438,19.397178770959805],[75.81228501059216,19.388768902231657],[75.81844306383802,19.38401999955018],[75.83690817755105,19.37223905406885],[75.84057798479029,19.371119768788763],[75.85312594980132,19.37235937299716],[75.86844736884267,19.37573050267918],[75.8746411005688,19.38117950633749],[75.88260504591365,19.381130437449325],[75.88804514904734,19.378909832420224],[75.8954606275487,19.3811706087317],[75.90022297597775,19.38558065292754],[75.90487819841096,19.388162430742526],[75.91066614900251,19.389741023854366],[75.91867918658068,19.38832298832774],[75.92246941577409,19.384613052754453],[75.92359306693949,19.376778417986284],[75.92286620805794,19.374138553907354],[75.91609285067962,19.36558158336435],[75.91702931411774,19.362290803233282],[75.91021579751687,19.352012565905763],[75.90717469089633,19.34360264257104],[75.90551590997114,19.330698030036586],[75.9078390662506,19.31958148874678],[75.9211138627908,19.301129736860968],[75.93431723117389,19.294039721290737],[75.93885658743986,19.292817945705902],[75.9466645135107,19.29351358937831],[75.95556483497138,19.294681881330977],[75.97141249631265,19.299729564105125],[75.98391583643624,19.312562845689996],[76.00049027210893,19.323750726944894],[76.01315410841741,19.336789163449527],[76.0162442651952,19.33879128592921],[76.01982942300077,19.339821389071346],[76.02378912222,19.339290699871192],[76.02561729815322,19.33724847851921],[76.02535866146991,19.3332396890156],[76.02355279549062,19.3292488667476],[76.02313362224695,19.326510952459767],[76.02551476439416,19.32147664839982],[76.02691490146243,19.31241122414268],[76.02726721348996,19.301548864793816],[76.02844438426071,19.297410880452045],[76.03193590499866,19.29021828659849],[76.03962784749515,19.286289828598743],[76.05101189340122,19.284323348818198],[76.05481551405185,19.285112637004197],[76.06569127445823,19.283262068727463],[76.07274554137231,19.28054202713357],[76.07514007706038,19.280149682096145],[76.07750784084217,19.279752831906354],[76.0837862753647,19.279989156874496],[76.09200438053075,19.28459089908161],[76.09575005017975,19.294338558496467],[76.09580359187497,19.29609983463378],[76.09588828505922,19.298409649839044],[76.09845675577121,19.307269885372612],[76.1015022554978,19.3085228796599],[76.10781188971329,19.307091501026893],[76.11593643889525,19.29671964462558],[76.11768879695374,19.296920339696616],[76.12175105937995,19.301718317148126],[76.12531391171596,19.304291272378496],[76.12814540469124,19.30389881472265],[76.12946530873191,19.30055006372098],[76.13484300252219,19.294650679907576],[76.13804463876907,19.292470131492195],[76.14222723111223,19.291007563019384],[76.15294698625397,19.29586802852356],[76.1582711192636,19.297549077725254],[76.159751546223,19.295560301923242],[76.1612944070888,19.287779171345697],[76.16355957316402,19.283382462534934],[76.16705109937796,19.282410459441625],[76.17207200642632,19.283569825442537],[76.17981745092226,19.28843019291828],[76.18509710436093,19.289362142043963],[76.1952816293741,19.286700086829878],[76.198920283343,19.284961006406032],[76.20432917971713,19.281201973166944],[76.20915390277194,19.2778398530498],[76.21750581328536,19.28835888069103],[76.22046668017566,19.28852828987762],[76.22154130127568,19.294079852729027],[76.21671207026036,19.29658146742904],[76.2100992495428,19.298561284243803],[76.20997439447049,19.301299166215784],[76.21322509829062,19.31857815480033],[76.23488740816437,19.313682105682705],[76.24170092395356,19.33823836941958],[76.25739250371795,19.334831614176153],[76.26478567617568,19.333997751560098],[76.26830834265805,19.335299777350134],[76.27349870394677,19.338871541565293],[76.2793714131824,19.34451231130971],[76.28041922555724,19.34920328738963],[76.27439056846825,19.348962500306378],[76.26745665340232,19.352489679705197],[76.26174897572061,19.35714045314876],[76.2676082361023,19.365800084203542],[76.28528416297866,19.366089957394756],[76.29247218804147,19.396358280437322],[76.28608677930173,19.39659908156029],[76.29090264092511,19.431910693319185],[76.30352636260183,19.43179925670497],[76.3101480888101,19.455142654837882],[76.3151467700188,19.463819992487682],[76.32755200651206,19.455771391760262],[76.3358905141811,19.456351024147363],[76.34120129413584,19.453782592707903],[76.34478642278722,19.469768479326138],[76.36530268995608,19.46822117326297],[76.37126901816042,19.489161136182073],[76.3738329355102,19.495880964584178],[76.37696775149935,19.499559712065803],[76.3772798513083,19.50372895503485],[76.371911084055,19.50492849699929],[76.37207164419854,19.515831017226393],[76.3780601859091,19.53661932822034],[76.39523220487773,19.53127287020297],[76.39547741741549,19.5411408397],[76.41227934611379,19.5381086841897],[76.41259145038156,19.5325927309714],[76.44181638803713,19.541230013094573],[76.44571812555611,19.554170289680883],[76.44508939610259,19.563949111350354],[76.44780051096127,19.5832302701527],[76.43649227860732,19.58615993529426],[76.43756691612873,19.600442406844508],[76.4331211573527,19.60213243632573],[76.44182539156989,19.61229025685281],[76.45130982715445,19.61266927309099],[76.45262079851982,19.62659062287254],[76.45226854190555,19.641292231457463],[76.44346631918478,19.641640031568123],[76.44928539952218,19.660238958779793],[76.45284825110754,19.667230883213357],[76.45942540460413,19.665308930920123],[76.46540951387382,19.66787744934586],[76.47061330486842,19.679141098999878],[76.48702279091434,19.677540306505765],[76.48665712676144,19.697860396553462],[76.48436517263416,19.720517063223607],[76.4578914712091,19.72354037473959],[76.45916680835235,19.747222697432303],[76.48484679166943,19.743882763653918],[76.48425372407601,19.749398700002835],[76.4876470824246,19.755641424092705],[76.49297121843239,19.760929895730317],[76.49846039367704,19.762530711405915],[76.50990245725451,19.76299003078886],[76.51188677000751,19.770739919705697],[76.50145687777821,19.773040883875996],[76.48899818897935,19.77898037333122],[76.48384790227111,19.786551935088156],[76.48295613109345,19.793561593836422],[76.48528375924506,19.80040191044845],[76.49894646018603,19.799831100198407],[76.51077198734185,19.801021688116425],[76.51393792384592,19.807897611882964],[76.51348314394032,19.812040148493953],[76.51175743594884,19.81610239073181],[76.5090997953393,19.818559390424582],[76.51477178577764,19.826420773477572],[76.51045094297466,19.828110786232337],[76.51122236563539,19.830460677832278],[76.51727333931814,19.832569858636617],[76.5168006626806,19.83614161511022],[76.5206087569749,19.836970961980388],[76.51790657156818,19.840591777998796],[76.5213400690285,19.84184474446811],[76.51960546773546,19.8490997162882],[76.52990149333053,19.84865830670797],[76.53199725946416,19.851199930871005],[76.531341779383,19.85667130939763],[76.52926831986689,19.861299881831926],[76.53259478341987,19.865072241246132],[76.52538893993314,19.869410906893492],[76.5188385059511,19.87161816007037],[76.51447298292936,19.876928949789573],[76.51055345846507,19.874900122272955],[76.49931208970067,19.884299872217916],[76.49437582778103,19.891871395924387],[76.49115188304538,19.899121964972277],[76.49035819341015,19.90441038463417],[76.49021101396481,19.909239610956394],[76.49233362894526,19.917801129599063],[76.48974732703104,19.918938180713127],[76.48184136439093,19.919910231381422],[76.46431701346626,19.918211342095866],[76.45069895395328,19.92135052618463],[76.44682402180614,19.919018457118764],[76.43942186764545,19.917328453261216],[76.41690786008782,19.91847886036357],[76.40749915794395,19.92061926400948],[76.40277256806161,19.916699753168412],[76.39861215935167,19.9093778700155],[76.3934619280876,19.90638137876405],[76.38955580856438,19.905141684839815],[76.38730833544184,19.907259798508203],[76.38284480058273,19.91957141404823],[76.37829651086776,19.919829966391266],[76.37239717973112,19.924262361970108],[76.36753676057823,19.92658999623277],[76.36564608306962,19.925711541996517],[76.36551678082928,19.92250096702483],[76.35703996545251,19.909021093860154],[76.3543779420458,19.901141893066654],[76.35391421558198,19.897070762605054],[76.35254078074473,19.894582530698383],[76.34744404596434,19.890663064868484],[76.34541510221179,19.89253139162683],[76.34340856470034,19.892232652679755],[76.3429180338656,19.889093405373323],[76.33904310322947,19.882788234268475],[76.33408905152476,19.883528491124434],[76.32718633946006,19.88280166929624],[76.32356998911884,19.88137913839202],[76.32000716967694,19.878289000259983],[76.31800060097622,19.878048232333917],[76.31366187013671,19.87576962332518],[76.3095951422231,19.87786990002103],[76.3081682325221,19.879568801952992],[76.30468567447113,19.878538739603517],[76.30059225112237,19.876157584690805],[76.29775183176334,19.870472192219747],[76.29431831093139,19.871569134383964],[76.282737976116,19.872889073700602],[76.2618114676021,19.874159888782494],[76.25625540990896,19.874208907991004],[76.25171604302864,19.871422002684028],[76.24806405394997,19.870289375803644],[76.24070655817744,19.871689558348738],[76.22984859133436,19.864661993623855],[76.21433983210508,19.866811248564773],[76.21195870987427,19.865589524421768],[76.2096578350578,19.862539477008767],[76.19864826759238,19.863199443747767],[76.19677544726599,19.859172851551058],[76.19323940890709,19.855672467073394],[76.1877234995373,19.85186880300191],[76.17449779015446,19.85023235667359],[76.16974435951005,19.851070656576162],[76.15193922815097,19.85680951729776],[76.14949110206437,19.856100518077078],[76.14908540631728,19.854441714768676],[76.1496650218503,19.846161188013586],[76.14010025339108,19.845371956345385],[76.13701014018595,19.850999289424635],[76.13500349309923,19.85734019201968],[76.12930923547891,19.863761291423863],[76.12110000833687,19.865058846660695],[76.12059167670711,19.860363411307453],[76.10959558886375,19.861210620077138],[76.10032509036603,19.8568407564752],[76.09615139113757,19.867761090864743],[76.09382819920663,19.871930307929794],[76.08341171571536,19.88194105312786],[76.08173954930609,19.885530602640117],[76.08097705306781,19.890872608848365],[76.08068276290473,19.91251262031697],[76.06372925735258,19.916708631207925],[76.06154431721195,19.919147779164007],[76.06048746400731,19.925180905533463],[76.05837833643476,19.93153071968649],[76.05175206995558,19.932953136519092],[76.0494913364367,19.93804096265716],[76.05481551405185,19.94126932756042],[76.05349559894066,19.94261158248797],[76.0488225020683,19.94827909916661],[76.04442582020704,19.946071832112146],[76.0427759327774,19.9514985035122],[76.03788874703686,19.948961333426926],[76.02909091636073,19.949130791211203],[76.01431351193895,19.95428100301705],[76.01677494311816,19.967069714436228],[76.01693548319376,19.97502918277102],[76.01378734070404,19.97279070591122],[76.0115488325634,19.972483019854664],[76.00544882727934,19.97292009726658],[76.00035654665336,19.974498553991978],[75.99739117371216,19.97641595765585],[76.00758913755838,19.99766356705751],[76.02184935394195,20.02288874241551],[76.03720648741948,20.043730622507102],[76.05036980184823,20.071149554866693],[76.06681943268374,20.09637475074843],[76.08217651128807,20.121599898867725],[76.09972314108968,20.140243340509226],[76.12604519318792,20.152309705480015],[76.15126585191013,20.17863179777415],[76.15565361837652,20.201667438475344],[76.15456555821517,20.211535432509258],[76.15456555821517,20.22360182720337],[76.15894888365764,20.243342196027548],[76.16991383082033,20.263082704883153],[76.17759686776712,20.27953675653349],[76.17759686776712,20.298184742363112],[76.16662750021116,20.314634375392483],[76.15236729625695,20.3288900940824],[76.12604519318792,20.34095640172372],[76.09862613880492,20.35302273950483],[76.08436599114194,20.3475380972818],[76.07669186046907,20.33766557747801],[76.06571800691398,20.32340989674888],[76.05255916859888,20.314634364301774],[76.03720648741948,20.306955754508547],[76.02952795688898,20.30257246756812],[76.01417528370813,20.30585887824742],[76.00758913755838,20.31463437663405],[75.99333338809414,20.322312952140464],[75.98127154122272,20.322312896920526],[75.96701132139387,20.31353741036679],[75.95384806897113,20.302572518988825],[75.93959231184928,20.292700005784553],[75.92753042696648,20.29379247305038],[75.92064564547455,20.298095525645103]]],[[[76.53199725946416,19.851199930871005],[76.52990149333053,19.84865830670797],[76.51960546773546,19.8490997162882],[76.5213400690285,19.84184474446811],[76.51790657156818,19.840591777998796],[76.5206087569749,19.836970961980388],[76.5168006626806,19.83614161511022],[76.51727333931814,19.832569858636617],[76.51122236563539,19.830460677832278],[76.51045094297466,19.828110786232337],[76.51477178577764,19.826420773477572],[76.5090997953393,19.818559390424582],[76.51175743594884,19.81610239073181],[76.51348314394032,19.812040148493953],[76.51393792384592,19.807897611882964],[76.51077198734185,19.801021688116425],[76.49894646018603,19.799831100198407],[76.48528375924506,19.80040191044845],[76.48295613109345,19.793561593836422],[76.48384790227111,19.786551935088156],[76.48899818897935,19.77898037333122],[76.50145687777821,19.773040883875996],[76.51188677000751,19.770739919705697],[76.50990245725451,19.76299003078886],[76.49846039367704,19.762530711405915],[76.49297121843239,19.760929895730317],[76.4876470824246,19.755641424092705],[76.48425372407601,19.749398700002835],[76.48484679166943,19.743882763653918],[76.45916680835235,19.747222697432303],[76.4578914712091,19.72354037473959],[76.48436517263416,19.720517063223607],[76.48665712676144,19.697860396553462],[76.48702279091434,19.677540306505765],[76.47061330486842,19.679141098999878],[76.46540951387382,19.66787744934586],[76.45942540460413,19.665308930920123],[76.45284825110754,19.667230883213357],[76.44928539952218,19.660238958779793],[76.44346631918478,19.641640031568123],[76.45226854190555,19.641292231457463],[76.45262079851982,19.62659062287254],[76.45130982715445,19.61266927309099],[76.44182539156989,19.61229025685281],[76.4331211573527,19.60213243632573],[76.43756691612873,19.600442406844508],[76.43649227860732,19.58615993529426],[76.44780051096127,19.5832302701527],[76.44508939610259,19.563949111350354],[76.44571812555611,19.554170289680883],[76.44181638803713,19.541230013094573],[76.41259145038156,19.5325927309714],[76.41227934611379,19.5381086841897],[76.39547741741549,19.5411408397],[76.39523220487773,19.53127287020297],[76.3780601859091,19.53661932822034],[76.37207164419854,19.515831017226393],[76.371911084055,19.50492849699929],[76.3772798513083,19.50372895503485],[76.37696775149935,19.499559712065803],[76.3738329355102,19.495880964584178],[76.37126901816042,19.489161136182073],[76.36530268995608,19.46822117326297],[76.34478642278722,19.469768479326138],[76.34120129413584,19.453782592707903],[76.3358905141811,19.456351024147363],[76.32755200651206,19.455771391760262],[76.3151467700188,19.463819992487682],[76.3101480888101,19.455142654837882],[76.30352636260183,19.43179925670497],[76.29090264092511,19.431910693319185],[76.28608677930173,19.39659908156029],[76.29247218804147,19.396358280437322],[76.28528416297866,19.366089957394756],[76.2676082361023,19.365800084203542],[76.26174897572061,19.35714045314876],[76.26745665340232,19.352489679705197],[76.27439056846825,19.348962500306378],[76.28041922555724,19.34920328738963],[76.2793714131824,19.34451231130971],[76.27349870394677,19.338871541565293],[76.26830834265805,19.335299777350134],[76.26478567617568,19.333997751560098],[76.25739250371795,19.334831614176153],[76.24170092395356,19.33823836941958],[76.23488740816437,19.313682105682705],[76.21322509829062,19.31857815480033],[76.20997439447049,19.301299166215784],[76.2100992495428,19.298561284243803],[76.21671207026036,19.29658146742904],[76.22154130127568,19.294079852729027],[76.22046668017566,19.28852828987762],[76.21750581328536,19.28835888069103],[76.20915390277194,19.2778398530498],[76.20944818035599,19.27623013280032],[76.20968453926042,19.274910178097034],[76.2147054542989,19.263044544288327],[76.21514251962402,19.260048055766376],[76.22831915626675,19.25545071733225],[76.22852427256439,19.251129807561636],[76.22712859143958,19.248820038226718],[76.2249079025917,19.245110053544042],[76.22495255191046,19.244302916613208],[76.22499711279998,19.243152484284632],[76.22635709697411,19.241703248180173],[76.24246340161052,19.24249258803682],[76.25115419143124,19.239839406664455],[76.25567572171005,19.240209476585616],[76.2585518627452,19.2427422605734],[76.26391610995277,19.251348305208047],[76.26885235677304,19.25614185876585],[76.27529126516511,19.259031355890528],[76.27999121075018,19.26114053022313],[76.29109882427899,19.262531728222616],[76.29702943446134,19.261430377941252],[76.30001699686818,19.259780485899583],[76.3043690737642,19.260739217802755],[76.30710703084927,19.261350055508085],[76.31204768756821,19.261140469546817],[76.33191740485917,19.249899118544036],[76.33909654827367,19.250269252072265],[76.34636487330309,19.24955577198818],[76.35655398986741,19.243379874781333],[76.36299288878031,19.23727095510155],[76.36461598937028,19.234140674788435],[76.36573078303407,19.224071991161324],[76.36408985506993,19.211310024600735],[76.35864971368747,19.201611518176282],[76.35220185839589,19.192840497239185],[76.35230440965958,19.191819313537483],[76.35259430866722,19.188760386034293],[76.35672790609007,19.182009311425162],[76.35758847446168,19.177001754055535],[76.35431549364348,19.167080202095825],[76.3562640995451,19.161640122826366],[76.36077675942909,19.15619999260007],[76.36039767048679,19.152249271496952],[76.35890391520925,19.149698691326922],[76.3525987251615,19.145119140168195],[76.33599307808448,19.138100533097067],[76.3336564388831,19.135692644076133],[76.32942034709954,19.1222796771981],[76.32289217198529,19.11897098297805],[76.32057350232486,19.114190822431922],[76.324278989911,19.107109753322035],[76.3273691289387,19.104131065979235],[76.33685369299806,19.100381020898883],[76.3425657480387,19.09963183151026],[76.34953090436031,19.10076000335766],[76.35473461283614,19.102650675446263],[76.35983141980931,19.10978972830473],[76.36170866706532,19.114230949874877],[76.36788005955799,19.123822526553123],[76.37201812417243,19.128080947647074],[76.37773916832994,19.131122066283734],[76.38321490574583,19.12923142323182],[76.38642102732186,19.125780055748166],[76.38997490405504,19.12330081937091],[76.39229368069708,19.115559786820032],[76.39354669846935,19.111970236165703],[76.3963781744168,19.108639257814836],[76.39956649200852,19.106280351675988],[76.41114225613532,19.092501724284972],[76.41895459555954,19.09148066296527],[76.42394880313266,19.096599719766076],[76.42877358998271,19.099141344860172],[76.43193057615255,19.098633046134474],[76.43651452353467,19.095649875579454],[76.43718787216308,19.0940714088858],[76.43778097750062,19.092631117341142],[76.43840073836564,19.088149714045375],[76.43797270557403,19.084198947568698],[76.43522590042947,19.074727824084924],[76.43508766267117,19.071450315993033],[76.43692031624744,19.06608161665658],[76.45105571625407,19.050969669205507],[76.44700682169666,19.050251767536132],[76.44050548469899,19.044419276741554],[76.44071945298619,19.04079844992781],[76.44143744466932,19.038149796966614],[76.44349747807343,19.03546095387265],[76.4463201071175,19.035117552857493],[76.448629942861,19.033351828043998],[76.44729668830873,19.02677910966453],[76.44889747478841,19.02318062485885],[76.4501861395358,19.02300225704619],[76.4530890309079,19.022569656609303],[76.45533193340822,19.019711377417323],[76.45556829559118,19.0075380688972],[76.45894828088083,19.009027415608614],[76.45951904632848,19.006708705694734],[76.46301948633291,19.004920522942147],[76.47338239758103,19.002468039236625],[76.47812690647844,19.000559568342986],[76.47821162197489,18.990499822481933],[76.47660184160888,18.988742924498542],[76.47257977447346,18.986852265476507],[76.47268682059028,18.985211348730633],[76.47281610535427,18.98357039618875],[76.47032790264527,18.981652973863316],[76.47115286691563,18.976248543427957],[76.4745863670796,18.974148349275282],[76.4782027092013,18.975031230709543],[76.47918814057563,18.974331103648705],[76.47801986483991,18.956262864907973],[76.48683995896663,18.953529459269642],[76.50023507023627,18.950849496352017],[76.5046139546494,18.9423103244023],[76.50959032134824,18.927051281916942],[76.51359015631024,18.921321376907077],[76.52189741601516,18.91698262908026],[76.52868859911595,18.916496622260315],[76.53586779661148,18.917000457728594],[76.53298272264682,18.9231718780021],[76.53428484210208,18.93228179298423],[76.53865922154651,18.949213021741965],[76.55211678654311,18.949913121551567],[76.56593106603454,18.94752305125419],[76.577582650569,18.94669807883669],[76.58286225165011,18.94456214209532],[76.58759339223634,18.91732151631212],[76.58560909953499,18.886981816107074],[76.58349542589677,18.882308696861003],[76.58703597705725,18.873831880546277],[76.59171353391876,18.869698282897733],[76.60766824311175,18.86767836874727],[76.62177235614189,18.868703918891008],[76.6231234652375,18.86053935911357],[76.62681558341417,18.85332895061865],[76.63115877791554,18.84806277182384],[76.63553760812779,18.84552998268007],[76.64231986590956,18.846198844034774],[76.64219506992029,18.841440968150987],[76.64685923677102,18.821468719996652],[76.65365490256272,18.819841130981544],[76.66604676767467,18.818588081283032],[76.66803553590142,18.81455259764464],[76.6722582826081,18.809910670595407],[76.66953823799575,18.805812765721544],[76.67457701505467,18.79490138495625],[76.67595487676897,18.78667875797597],[76.68139498439562,18.779209808191478],[76.67433180379226,18.767201459456547],[76.67460829421499,18.76076246882289],[76.680521062164,18.75632124039175],[76.68807920168747,18.75284762400272],[76.6961055574085,18.75315078508387],[76.70068951444287,18.756071489660204],[76.70810506795522,18.751969136215152],[76.71953374334628,18.74895030949166],[76.72561588900288,18.748700642239125],[76.72917872455014,18.749360581645064],[76.73451182407784,18.753989111586325],[76.73797656618044,18.759402446400923],[76.74400524675131,18.773600279662862],[76.75158573116234,18.77174074843531],[76.76040586386377,18.772481003385863],[76.76555608403899,18.77378303492974],[76.77258359630544,18.77393016825761],[76.7801596217918,18.776012647683345],[76.78190757217376,18.7795486935103],[76.78248728237358,18.79291260048564],[76.78935433253609,18.796038427431224],[76.79947648129522,18.798829836736804],[76.81476668145949,18.798861052836237],[76.81704529011888,18.802040405916657],[76.8241976849117,18.80780151602054],[76.83027544470562,18.810882758133737],[76.83737885573156,18.813139044191125],[76.84291253243013,18.811520473192854],[76.852356970152,18.806111563614028],[76.85468459922663,18.81284928579149],[76.85816271957276,18.81910983754859],[76.86425825641558,18.819261387442474],[76.87077303269919,18.827720318996207],[76.87976706953411,18.82805922036922],[76.8825539698002,18.829740296558906],[76.8832763263218,18.83420833585906],[76.90521962500608,18.835349845679445],[76.93942093452611,18.832059059004315],[76.95340913624683,18.831978816322273],[76.96148895493369,18.82969125903769],[76.9932332999203,18.826708120185284],[76.99581961950406,18.830128224114457],[76.99791093972254,18.831702320720357],[77.0076584757947,18.839322927633752],[77.01685316056023,18.84231053385804],[77.01452553603042,18.86135982829856],[77.01065054397193,18.877292180627247],[77.00106793282269,18.877911969797534],[76.99791542164932,18.879900761424683],[76.99236376953523,18.87871905954587],[76.97670790761545,18.877559731030487],[76.95510804360246,18.873791798097237],[76.95424738404478,18.880110326708206],[76.95603102610791,18.889099878144666],[76.95112601371297,18.89106189871388],[76.9336106637385,18.895779612722958],[76.93202769920451,18.899761622248892],[76.93792711229544,18.902891879512197],[76.94902580222755,18.906178273239583],[76.94890544492344,18.913299442262087],[76.95034568065171,18.921548728079184],[76.95400219606005,18.926609792869076],[76.9598614300609,18.93173780658012],[76.9625680990312,18.931470223685743],[76.97106712400954,18.926881866070865],[76.97381397757425,18.922369185323262],[76.97515169481862,18.914481091820694],[76.98243781634781,18.913468890902692],[76.9846272767699,18.914869053442708],[76.98618345635677,18.921731537393676],[76.99135607675541,18.935719736424172],[76.99791542164932,18.93103770693288],[77.00221395269075,18.928955359322593],[77.00805540138933,18.931367723292887],[77.01843168456558,18.93363740885545],[77.02078163948913,18.938809945882408],[77.0240724662821,18.938948123209684],[77.02717597474219,18.951790360343278],[77.0299986108633,18.951629813992252],[77.03280782708947,18.963941454506234],[77.03690130280548,18.971018002244318],[77.05253490052576,18.987650467207573],[77.05316814665535,18.99487863640811],[77.0490122380814,18.999369005883434],[77.04064245006366,19.002677618963993],[77.04090107998692,19.01061929274059],[77.0401073549427,19.015952380511326],[77.04242614191948,19.02961058856298],[77.06333933327456,19.02853150204825],[77.06503380350533,19.04146734634213],[77.06427124215087,19.047357852158147],[77.06001286046292,19.05836290788767],[77.0604721531652,19.066968947512052],[77.06564467473191,19.075641911712005],[77.0689310297158,19.07949901666731],[77.07454503759408,19.08373073238754],[77.07655165186739,19.092278787897445],[77.08122923064603,19.099939575375014],[77.08262495146317,19.107239112546313],[77.09892293901365,19.106730749179153],[77.10267752545742,19.11300028463256],[77.10286920289784,19.116741471844612],[77.10180799266209,19.121722294849615],[77.09937330241705,19.12713110138893],[77.09761196709454,19.13018121242848],[77.09115515557438,19.13555880553214],[77.09525305964505,19.144601870709373],[77.10932152067544,19.146229500279468],[77.11823084982112,19.14932859081159],[77.11176513985214,19.15211990486757],[77.11142176133762,19.156289188385017],[77.09610920510524,19.155473231378608],[77.09255980572982,19.15620894288236],[77.09778582755676,19.172368678470868],[77.0860361573613,19.171882707141183],[77.086517743968,19.175722009093633],[77.08258920898791,19.175200220018773],[77.08307528817711,19.182209956508764],[77.07692621967122,19.18233924980145],[77.07544576984935,19.186771635111718],[77.07361751169562,19.189460482045494],[77.0683513547242,19.192621996140428],[77.06079319148866,19.191221816002923],[77.05362737758576,19.195649705977974],[77.03592472879083,19.201022879209447],[77.03637515213262,19.209160767207788],[77.03906843258038,19.21805221012687],[77.04454863414986,19.221610549966417],[77.0464393523055,19.223857956537174],[77.04923966558047,19.230091800444207],[77.04763879176055,19.232718212462675],[77.04709037515507,19.236071439042107],[77.04704126965434,19.247388683265605],[77.03807852259979,19.24368754987216],[77.0346227349746,19.243611813238353],[77.02407694724232,19.245520237016095],[77.02046058271605,19.24723256838213],[77.0169513081852,19.250429770456844],[77.01120800073629,19.251379517435975],[77.00952244188136,19.258540824009653],[77.00847007608864,19.27099955790791],[77.00937525533101,19.273046328530096],[77.0197827934011,19.274250250195035],[77.01969809143641,19.282249886083477],[76.99794213744467,19.281581052441968],[76.99540490160382,19.28154984398739],[76.99191344632145,19.284220847224546],[76.99035716426302,19.284412575660664],[76.98703967183488,19.28037262959793],[76.98533628752475,19.276002695234748],[76.97421083785906,19.275619204192594],[76.96819995816745,19.276622552139184],[76.96779411224345,19.267731068021423],[76.96967143498671,19.252521031744415],[76.96745076395494,19.253559992449762],[76.95340016911817,19.25377857320163],[76.954697758541,19.2480619799525],[76.94827218244458,19.248498967681957],[76.94393798727926,19.251303717469185],[76.9376595588081,19.254028220387173],[76.93422606502493,19.25422889754745],[76.9310065825849,19.253212235687762],[76.93048041359913,19.25086227537601],[76.92755074357194,19.247089843206282],[76.92430004509963,19.24740201239235],[76.91948873364142,19.255718265919857],[76.92099139838675,19.263312127010085],[76.92487530752697,19.271030789620518],[76.92669015398481,19.27650212313408],[76.92724755504118,19.282918763052585],[76.93038228424018,19.290200451177277],[76.92735456801599,19.290851501851698],[76.93023517798409,19.296568057077913],[76.91542648709292,19.297549098595645],[76.9008853151643,19.29749109447428],[76.90033685339874,19.299800908381773],[76.89499485216942,19.30623984229027],[76.8919849984694,19.308451598193283],[76.89108422695512,19.311323206950753],[76.89441522796952,19.314520447278042],[76.8985354260137,19.320219105033583],[76.8997170605163,19.324098530882406],[76.89977950608794,19.332080305621446],[76.8986602303725,19.33813137249758],[76.89171743281155,19.34540856054082],[76.88992485105115,19.348552252960143],[76.88987137225439,19.35619070269885],[76.89337172162044,19.36655814307742],[76.8928991327689,19.369728559848525],[76.89388459237517,19.37837025877905],[76.89534711106681,19.380871797835155],[76.89792450729065,19.382869536296703],[76.9021517107225,19.388001952641275],[76.90479149536085,19.394949255506155],[76.90908116741532,19.402592093916105],[76.9180305473461,19.413302845625687],[76.92030470187576,19.4174900042825],[76.91918104036367,19.421191006174848],[76.92088437985946,19.426381403234636],[76.92343943269744,19.42957860936744],[76.92471474081705,19.432722216298174],[76.9206168771011,19.440739740507755],[76.91931927819348,19.44626900596744],[76.92350186621066,19.449912131195592],[76.92817057185133,19.450946648383702],[76.93190732518283,19.457639677297077],[76.93289273562725,19.4635792620239],[76.93495735011733,19.46686111231313],[76.9469701289201,19.4787580401399],[76.95101014212901,19.48888014799896],[76.9535830280824,19.48767179886589],[76.95741333299021,19.483560476044484],[76.95963849420913,19.48253039285195],[76.96150240473555,19.48059071677348],[76.96263051258006,19.477580807808085],[76.9662334783641,19.47589976826933],[76.97062568788138,19.47511049119169],[76.97895082311534,19.476969933618868],[76.98439981589307,19.475239771371566],[76.98579999432009,19.49098937511356],[76.97750160804057,19.487216897240287],[76.97753729367463,19.493312536127373],[76.97564664384007,19.500821688069635],[76.97541028857344,19.50535211963178],[76.97339478974813,19.507474649786513],[76.95755161556396,19.511519066899318],[76.95742678324108,19.513869015763284],[76.96592581471597,19.52332227522733],[76.96282223625383,19.527357759290314],[76.96615770527478,19.53784109405401],[76.9672456862903,19.54543937102953],[76.96502057585914,19.55750129857518],[76.96124369358087,19.563900113740146],[76.9517502941577,19.571529608470925],[76.94947171225873,19.574459269524546],[76.95171908460692,19.578369884242516],[76.95977668635447,19.58092937890789],[76.95958495789705,19.58374751803556],[76.95385054673751,19.592951097934503],[76.94301042951763,19.597521721986848],[76.94265821948656,19.613708256155608],[76.94078092115961,19.622479299640034],[76.9364466364705,19.623910656846217],[76.92418863275846,19.61637929414156],[76.91790127779375,19.616120612736882],[76.9115381456024,19.621150459917455],[76.91061957675402,19.62547136644629],[76.91388805001895,19.63091146548673],[76.91390141710981,19.6364318548743],[76.91120818274341,19.640382619400043],[76.90638791532642,19.643321161502623],[76.90145162839484,19.644239701412182],[76.89665815617224,19.64118081990287],[76.89366162447386,19.63684208069488],[76.88240680629286,19.624057854990603],[76.8791516594209,19.62144031367472],[76.87465694372841,19.619255414776937],[76.86940857651742,19.618680130376546],[76.86664390103418,19.621841653332787],[76.86778097435058,19.626688717591133],[76.8730605523257,19.637131925857005],[76.87390779386743,19.642509610967288],[76.86508769916726,19.645180625517984],[76.86038783121994,19.644600898483816],[76.85539805650264,19.645461517550213],[76.85220537139692,19.648070119869782],[76.85141605183733,19.65267186619923],[76.85338700970736,19.662209908530414],[76.85668225163506,19.6659288045944],[76.86239436528105,19.67037894936252],[76.86281797937067,19.674570562905206],[76.85578157438144,19.688799502078595],[76.8517683471328,19.701570361352232],[76.84918206807436,19.704780900590407],[76.84203410513744,19.703229173882523],[76.8393720355745,19.701400965478197],[76.83315163510173,19.70084804154875],[76.82887974146492,19.702381910971525],[76.8170007568773,19.704718528458105],[76.81429405635902,19.701788860261672],[76.81304999641557,19.695791365355888],[76.82546856263082,19.681508924482515],[76.82549082773637,19.676849120430056],[76.82443855512425,19.67280025132815],[76.81783905286926,19.667498375987666],[76.81611783366458,19.66909025647628],[76.81134657785275,19.67976093002709],[76.80771690008822,19.682021646121612],[76.79828587967562,19.67189949346384],[76.79277002239819,19.669268624754285],[76.78679034699918,19.671288642835343],[76.78486842369534,19.67713900686105],[76.78597877993522,19.68835808895003],[76.78295104859603,19.70116908058368],[76.78553729720899,19.71169249918449],[76.78898416620987,19.71917933101621],[76.78839110552867,19.722760048681906],[76.78383843246714,19.72910088174827],[76.7795799888263,19.73092914153086],[76.77398820618905,19.72748663028539],[76.77024703498573,19.720048872383337],[76.76640335433784,19.715442645961772],[76.76845005678372,19.707532210289916],[76.7703763706376,19.704268155028114],[76.77191033937797,19.69757944652029],[76.77112552870237,19.693057988355267],[76.76824940288769,19.688358091655225],[76.7628494118987,19.68469264747794],[76.7584527169228,19.684960264737086],[76.75370822696286,19.689258789886598],[76.75055123918682,19.693980971452945],[76.74756808920567,19.706560100952828],[76.74433072280274,19.710461793951886],[76.74121832351126,19.712089401902176],[76.73684843508346,19.71157214438007],[76.73386971519946,19.712263308475606],[76.7323224227646,19.71706129878648],[76.73754847640816,19.73112079973532],[76.73252753764426,19.7338676420623],[76.72702948006074,19.7393300268055],[76.72460373043315,19.744150303199934],[76.71575236873832,19.767930728395104],[76.7128540102,19.77127057256337],[76.70717750897015,19.770824706845026],[76.70398931428053,19.768599576693834],[76.70140746323416,19.76492083585721],[76.6917178054485,19.775230281269327],[76.68813267893505,19.777562364820877],[76.6861260772908,19.781727207381245],[76.69204782156669,19.79493060526199],[76.69625716937186,19.799349556321463],[76.70089908543845,19.806769514295222],[76.69738980452708,19.81966073981497],[76.7004308756937,19.820342990090946],[76.70468046514152,19.836538430262962],[76.69476341800093,19.83997192105734],[76.68250088076009,19.841229435661447],[76.6791699466051,19.841059938142436],[76.6752637450396,19.83895975516223],[76.67724805128637,19.846839003391253],[76.66201133155913,19.850499939235164],[76.65318228807082,19.85659995638737],[76.64837091431762,19.862682160606642],[76.64673444523687,19.86644118051761],[76.64563749065373,19.866351991625926],[76.64449152566102,19.866699854339778],[76.6421147809105,19.867448938374963],[76.63215758153228,19.86698076753325],[76.62824252974421,19.855882067413784],[76.62213358177883,19.84327165657623],[76.60932698837556,19.838830449926462],[76.60012789196817,19.84373991357799],[76.59874559443074,19.841470175492407],[76.5902331901156,19.843601674172536],[76.5679644288761,19.845220352053605],[76.56793762093629,19.83914259484235],[76.5486297786248,19.844769980025905],[76.54264113353427,19.844778845259643],[76.53939942811527,19.845541400210866],[76.53199725946416,19.851199930871005]]]]},"id":"0","properties":{"name":"Marathwada_8districts"}}]}